Input_1,Input_2,Input_3
0.32854367251134103,0.08271942251750031,0.7468494325565574
0.4074626430256522,0.5107524051186776,0.863838194866703
0.7712886842470689,0.15810998725894554,0.6916791608598442
0.12035875269425522,0.14836477175542906,0.6530345175222367
0.12815841352305002,0.625152554903551,0.4691375201950523
0.1786375146168399,0.9657239526901031,0.71246423880369
0.9601586200414592,0.45407287725861356,0.09058066600665748
0.6658868153551029,0.23429846958763445,0.7087169084848891
0.16405412888553078,0.08553576059149498,0.8056074560214771
0.5348384183068234,0.22516567580280988,0.9011082557090201
0.08267190287510484,0.22633722632721087,0.14503579373654168
0.6161675781128682,0.3292658636357666,0.4626072424676192
0.09414845490758594,0.10150507181071944,0.34242717868986694
0.6218211902550272,0.4424543078293676,0.7430949971169563
0.04438888514995887,0.8925885148809638,0.3127217770796847
0.05125293929305241,0.244929858890913,0.7335809948867202
0.08096177201788202,0.42314539434278303,0.8066678731485856
0.07221035228590944,0.06777626847134943,0.9205147046609643
0.301474285532932,0.5376351593593989,0.6583004272304523
0.6766489267642112,0.8735800021088124,0.8272007855425381
0.8391499482643344,0.27530113741239526,0.7696002778050821
0.792366073963039,0.44069876430633304,0.1276447295638593
0.6134988598375537,0.5492905625467358,0.8028200577165375
0.982014394107551,0.35161683934846766,0.6134536799913947
0.44284681400524717,0.5735663581902569,0.2589214777440961
0.4082356274036853,0.5984670461921764,0.41057610283684254
0.21154974977902297,0.09750071575734398,0.9467788600717505
0.9390832363114214,0.952464838024882,0.04630314454972201
0.9302934318388033,0.7200233011103679,0.6848361217977738
0.5455112708229898,0.8628776684623243,0.24259078513924304
0.015273803855551604,0.9449998032058262,0.17624512432824496
0.7806899810463288,0.28589548597327774,0.4708951112039198
0.10162682674006124,0.10366602902129352,0.8518063373479151
0.17585876092539338,0.04092487500200043,0.2749041415263473
6.92369975823226e-05,0.7981557194817044,0.3036031612212322
0.3032920894525189,0.34406178546944,0.6119756115005933
0.6584462581371154,0.245238348386546,0.6592760293675997
0.34531136179563454,0.4036006140279865,0.20498310817183163
0.4162734014956752,0.12170311054737704,0.7058448274245686
0.9968338900171522,0.620779489136911,0.9407968396265649
0.8675144071263978,0.5568706697892593,0.9072924810328415
0.6359149477530107,0.9726904689383614,0.92396652674992
0.6014474327622111,0.20721188352223596,0.32132081630551307
0.8834018208547786,0.7685017684131651,0.7004790880097533
0.8692317068933344,0.054681321013378525,0.3732157601007043
0.0032903846167247064,0.5674622936024415,0.10061132011282559
0.2880117700795256,0.07888305806002505,0.2828548237590545
0.4607564202130493,0.35716516641835916,0.44765244601865894
0.8411047780874017,0.11363431189959394,0.19785471012748856
0.9252027685496359,0.35441353488891086,0.07390843931636715
0.04065529478111635,0.3777865127472409,0.898288780073075
0.42258666171348797,0.9214295296664288,0.9135332554567177
0.777747598739592,0.22878152676399066,0.9784772148120623
0.9735025619965226,0.4643500168346984,0.4865024740175845
0.43101373121795084,0.7038287555907742,0.5514558500760194
0.4039170535712599,0.5179716431321606,0.36910332478224434
0.5928158860422407,0.36815729026357774,0.574868061034728
0.3977258119453265,0.680889012528691,0.7500679355517601
0.6941868442126782,0.6541310486423689,0.4409783413405528
0.2900447233084268,0.29887396780824127,0.5327852969719838
0.28504580518668743,0.82904671339252,0.12009614188349171
0.08179504629475809,0.7123570418601467,0.8089337731760491
0.6637194514302489,0.9159374141561842,0.9173632276282676
0.42975580466613755,0.7174348972344737,0.09417219059496057
0.5704161311198496,0.9232101833263245,0.9885257449417555
0.19521558135452466,0.7107337444587737,0.8966543042627033
0.8555588533443612,0.4573206031075332,0.6549841183643842
0.5827794502836157,0.545647959270074,0.017382580280215998
0.24817152077469629,0.3656790012267208,0.3017962604609974
0.28464032971367537,0.08972916662668506,0.4271241512128792
0.1533188772139536,0.30121341932501694,0.12582798603797019
0.754928415695853,0.41996936636190946,0.5883149890478448
0.6969129925065448,0.4875870191822211,0.3860819958330768
0.45929192107337513,0.7796986802744889,0.7809894148780222
0.47389606894510367,0.8695525056553147,0.21831796226626599
0.13082798477725,0.8684162380056485,0.9385136342527887
0.9693094964550556,0.851414304939619,0.6188741042508172
0.6712268220154965,0.21584584862435074,0.047848935585265484
0.02851986117897848,0.94074511389428,0.9424569525044626
0.9668217997815691,0.19561711869744675,0.5448237158531971
0.18242292453620879,0.6085579040811917,0.27637143662016245
0.42678021429575036,0.889812781024154,0.2604847685082684
0.5398771367239501,0.21053591058415988,0.8758248887736525
0.05024417386830082,0.6192409593741303,0.6060601250658655
0.2555587755775617,0.08654291308384265,0.14936572984783159
0.3306091101333755,0.5956075154871417,0.3401382851140047
0.8435995446450149,0.3595257382832424,0.9289292807433194
0.06581010228864465,0.38345673682610504,0.625495640942875
0.659775950724145,0.6472409860923769,0.05114056548988949
0.903523373214757,0.5696796834957243,0.24483992042202518
0.763429014903967,0.9430784536398286,0.45228979170371386
0.8624436276964588,0.8081695769576741,0.4570557372105141
0.5035372219065635,0.5430145132317514,0.19408761818958842
0.6699297298009962,0.4049873008976924,0.29370286324758943
0.4459108230086648,0.6013472611523824,0.7493351686994176
0.6983777543700971,0.9845523298577917,0.45432569568527714
0.660777793073578,0.6577756062197057,0.9125110212216602
0.4448583731096931,0.2966428062792281,0.9557531789644734
0.6547299636964238,0.1361743165656541,0.129667009181607
0.1371131667558696,0.1800336513220847,0.8455137483302041
0.20680009531364096,0.7133973607717812,0.43158964130002675
0.9787091588820092,0.17660539256605468,0.40991831721447797
0.023095660808603424,0.7869974563090915,0.27079870133143086
0.31864987970033953,0.2057343226471428,0.18277755195773365
0.6331373250704958,0.9612295941385095,0.47744295332011205
0.6129076081968463,0.16383627811475943,0.2526726151625223
0.9791609287292067,0.2720737818987555,0.0033440563159957137
0.43207369260555634,0.09254242567328502,0.6907572910006681
0.3130960525105354,0.7551446599927516,0.2946568691501058
0.2860764190379414,0.11479810837470661,0.6554757343553616
0.5213066469298318,0.376056814196658,0.09275842503141496
0.35138632984423496,0.6134936599958519,0.7929263659179097
0.5877754609805074,0.5891999494481689,0.9961925280073528
0.5635858540928238,0.32799774813920685,0.5034230358886757
0.006635034021085007,0.840435539974561,0.9216425456237726
0.6838399308393706,0.8461563211092012,0.5113966985304755
0.5802070876356186,0.4913927457070511,0.6450923896162494
0.68722531767542,0.3401511508073363,0.24395136696775538
0.5007509856537983,0.6898222675901666,0.3209871032521789
0.7247517542087707,0.4256576180097906,0.46052870597983714
0.9817712907737585,0.6722580695584646,0.8243332275033048
0.9002010800393829,0.7011806144201638,0.8936932851406675
0.9497771389627795,0.6022336847508932,0.860973091662237
0.1391865104365564,0.6594709248953599,0.25418654341669117
0.8066245126611387,0.9254413975268052,0.42664138780114086
0.8940939315009343,0.6993467004900712,0.15775699246436947
0.9894821546932857,0.8556474855071986,0.3049236594524771
0.4214294464039281,0.08067208815743943,0.021045077181827077
0.2529370810251281,0.5352060675247298,0.382843103454175
0.06319890500639747,0.26414075212041965,0.39324632625379063
0.3648871394653126,0.15389974722716593,0.4874062049621672
0.9414565790239897,0.07285551273239316,0.6502077800725857
0.417511290365329,0.10557272885081403,0.023704991982834545
0.6908319716705347,0.6144508169959965,0.9053176355248655
0.7202627553652621,0.00421775640072386,0.08894080303874563
0.5666450170962418,0.5550009474756348,0.2511061597803353
0.8795304696986116,0.6658810230661575,0.9790621764223238
0.8951046726414424,0.47522804385531303,0.5963624657232156
0.8073314151261006,0.9426231175902794,0.038401598333342835
0.7139037549886138,0.7632328319447951,0.7166239437941094
0.8743748745765303,0.17757282379283967,0.3658236136681675
0.8330232324440678,0.7210936584978586,0.23670491007178918
0.11363032826737463,0.7375761408302803,0.5001248234904857
0.027813627765814364,0.8251634093926539,0.6781979426531612
0.2634803838608361,0.5463345320528049,0.7585956944794281
0.5363906010214553,0.7113289396439237,0.0800614153541282
0.8263161675101882,0.020355423390917227,0.6625756589315164
0.33829359160199096,0.12673583855151893,0.28067038529687766
0.49735162781909803,0.32884537493702665,0.09375579323266431
0.9939626440434247,0.038379692876654325,0.993993754519272
0.2799947217059255,0.11956039629813975,0.6572602168228573
0.8616650242542531,0.7786334936713244,0.056129674696234366
0.8840870961468568,0.7901443369448404,0.638544453117177
0.8494433332804783,0.7855234893461844,0.11362444861311494
0.8961192303582115,0.9929829301044091,0.6695727167246853
0.15602104669956018,0.47057913941898233,0.7117092634615554
0.31671859135278435,0.07733726282619746,0.5659967474001955
0.1040280785218165,0.0373160656873755,0.32828777143975096
0.31957896033693006,0.831020913468364,0.2499760640594646
0.8503359750735684,0.26768258322654154,0.06448520526757451
0.5059158520450688,0.19616658577961965,0.958210950368146
0.2739893026237894,0.1729983286487854,0.6831062605436456
0.9138226425235533,0.12406196662067281,0.16874475920833465
0.9582758757663666,0.013651841079188154,0.9827870120995115
0.16564019961063858,0.06515201122219472,0.6493199729766366
0.016812395163273153,0.9666357372874103,0.6981533047597296
0.7114725851984869,0.6825277052223119,0.4338553833077982
0.07657712298847974,0.2414787199292726,0.6007131233306854
0.49934604012402833,0.030744227005446823,0.6322374960317034
0.5508348565848544,0.4935050653546377,0.40444104413237386
0.09257859219077919,0.977929351084742,0.26329774760679625
0.3054872198561461,0.14275492883938146,0.1476431183724946
0.5815975231279672,0.5707662909216322,0.5997037321517776
0.262680777749623,0.6618056509033217,0.11530484691857956
0.5480521973187527,0.9468541450567336,0.6033033986262204
0.11541655759789327,0.7527273319327404,0.6920752986990202
0.7162851259429898,0.029770957626661987,0.18454899803226238
0.06456346752952463,0.3165872132677615,0.4159630759791753
0.41531059725564035,0.8198365591733092,0.17172949799238635
0.9424839620937073,0.5053128286432438,0.5308789694341544
0.2034936712088899,0.27692356010405234,0.06913987875575434
0.5758841923493946,0.30625059341614014,0.3160121107371194
0.44741214974740395,0.4975007748630535,0.9539243238217925
0.5907893027496816,0.3648629837144165,0.7758823403762963
0.8155704121657109,0.7232311655851934,0.536726001005656
0.06967237025436729,0.6456014848190883,0.13177884427194542
0.019898754575063127,0.3141621693183938,0.7373383544143506
0.619841532411679,0.1976157513226796,0.059738470401988764
0.2988955053750912,0.6781518317207428,0.8357927591835833
0.8877945106897711,0.7284182188757294,0.4285294819633425
0.644656442843829,0.9781472654807429,0.36432932893517916
0.5498626098755411,0.2147101069157611,0.2817181862957078
0.2806856625580698,0.49800003475840976,0.23988701757245368
0.7000069919313757,0.985608414047136,0.5552381308806313
0.8578469870177362,0.8389784416127529,0.06634648933838444
0.23689744433399718,0.6036164028469653,0.9306680316466559
0.8251797430452286,0.6756065727924655,0.10679210455975635
0.14779159210902104,0.04337397355102335,0.33480012061591313
0.04529888767234841,0.8492393807601346,0.04296691331460356
0.571660633148332,0.3316814897530507,0.7029874378211282
0.020429082464075266,0.45373010621348603,0.44298258869800333
0.4792256865198958,0.40284722022494557,0.011253880605352096
0.8458170103595735,0.27320990285360836,0.2876107782179517
0.29662134390366307,0.7338117418637333,0.13608953372317012
0.31228997605933945,0.18174931483641454,0.08172380216401931
0.6476283782869696,0.8056970427260398,0.535276898314637
0.3860723230811758,0.8786787336627326,0.8904249441592689
0.11656988695182502,0.16052014376210655,0.6636999299963869
0.923398743208796,0.33335820084021106,0.7512553625740255
0.8176187548914818,0.19052495058625246,0.33644761746142665
0.6096380877410503,0.8078630356095278,0.5615492626308218
0.4859247393320885,0.8979988998858264,0.08508370876675109
0.1890566119266759,0.14681905807276507,0.626595162598182
0.33959083523890377,0.8062317163550969,0.8923901807888311
0.9292406758634864,0.0518630434058045,0.21644062957210147
0.22701806547442593,0.5440351454597643,0.22899384933775907
0.7363133681266211,0.0232857621022467,0.8120203830068561
0.6089387604298623,0.7453829380483262,0.8326134731835406
0.9883553887975425,0.783767291110447,0.6739689763958591
0.19052966953906636,0.20183423644987686,0.9724361945615531
0.02699101024424727,0.0331897439003454,0.9502915724316124
0.4519397603057137,0.416786954602962,0.9370546127346379
0.007201497241579979,0.07132385039790423,0.9549167592506879
0.3710160824350286,0.23259073289399979,0.2730865796351165
0.5301548931747954,0.3203534301171221,0.45001870962438273
0.42043952247556005,0.5363232056225704,0.11447807467764848
0.3689613999030283,0.5908837101665824,0.7213915356697865
0.933235454624309,0.5780811750783211,0.9732660596786366
0.15456753219384123,0.6514852299482207,0.9063095619208974
0.4362310133465222,0.29404701782561676,0.30653910104292986
0.7124258887074324,0.8958167755094526,0.7193940447683609
0.3358283868946398,0.3752913825685942,0.159720429718905
0.3855873162111228,0.37915371117135516,0.1986974378106725
0.19907061403863552,0.48042998046963337,0.2107039098391082
0.6811616337929757,0.8124790889606313,0.7267466376377122
0.9175051536255192,0.16280532090145683,0.6512911054319426
0.3140292299890257,0.41392074425450565,0.3881222472875586
0.10933317216190591,0.02240358256712094,0.623475397348405
0.1061221020044193,0.3971699732841647,0.3336652858575152
0.2971018167263817,0.06898466720919005,0.16022100666159395
0.7646508700858171,0.0318137659276711,0.150413715435254
0.7846757173234227,0.9102260029995087,0.2683884928933789
0.29532916124775715,0.2793572314280956,0.9923012008080969
0.5282689876697223,0.4960522863157671,0.0008794804789016286
0.10719487604913946,0.7612515042539949,0.5698767122933689
0.38210374175788364,0.7580853668082606,0.7202957033557483
0.38380159684303244,0.11256430917003102,0.11213023699689212
0.6867844535003709,0.6339077530876294,0.4915677322759606
0.14061360131738182,0.2687636780036212,0.3755954732481623
0.7534557819164867,0.12815849970422966,0.987974416149546
0.0314177590496128,0.909926999848332,0.9033884381440925
0.33112491412509065,0.6118651914099626,0.13725919534837439
0.5149899636744004,0.3116490280138061,0.6122012809540894
0.8803948500653578,0.9905880224439171,0.771070264300738
0.09578180815616738,0.024907207147006005,0.4516483093112337
0.5627137258586078,0.4591208754051264,0.8990424007670996
0.8519645727652525,0.8102961462985714,0.23832124021128587
0.36755758449056647,0.837531647895045,0.8013859275126088
0.02919320101909567,0.7277358206768724,0.8839161519471521
0.7507081636795042,0.4672722960910869,0.757967932396097
0.10528376328528327,0.8269578031078075,0.3966526095190972
0.7696906735618476,0.5233518292234576,0.797488208743739
0.04811723896354353,0.11146269335416625,0.8074247488505795
0.4833053040971291,0.42013304145252744,0.8845362449728854
0.8583755160581272,0.4719559953719778,0.0365981733422594
0.18141137315115685,0.5126827779703563,0.0716958575792569
0.13686965691896102,0.3227219757415472,0.1327581454013661
0.5690643921175995,0.7945418237809879,0.012781201842803624
0.7196741959430578,0.7024477119634889,0.20704935054085205
0.1347087862036851,0.2747566693852888,0.7480735962145126
0.36198481618148776,0.8774148353629803,0.3942689215661661
0.48167308789030516,0.48599117725196284,0.7414516624251555
0.5615327992361647,0.33271408536993535,0.06130496141472619
0.520370913416276,0.16820386914179464,0.9514062524580233
0.6231199097146177,0.9141407896893892,0.9806249640796425
0.6028659610493903,0.7057615190226045,0.3502064181782856
0.4522499969028049,0.5326197529984505,0.695149701219452
0.5556631388693168,0.367808429857914,0.6865397044461921
0.18836076652323624,0.7158108194119593,0.849841609235846
0.3887097715427126,0.9814759322599123,0.03513166883314939
0.4015305916685098,0.7186189301066129,0.42379535743197294
0.0853118210989261,0.5928341193613118,0.5763202599023931
0.01811207649825325,0.4666277632052162,0.07517246763158958
0.9641067923531478,0.20683435631469665,0.2957928594576364
0.16800441864125049,0.6881522464796588,0.8796641021332404
0.3336649818357512,0.38862594971613923,0.38136395942028717
0.5061083356154681,0.8671083318944959,0.39820087881954896
0.5227427003162354,0.3846828726274823,0.45824332447128413
0.7518498893275993,0.7913376985530098,0.19518421844244527
0.4823967162709526,0.08790285926819585,0.7630551709592688
0.21940863055398696,0.6098715140194091,0.1569274093622951
0.35457834041931785,0.39512823935465974,0.624382110181758
0.4899329591085347,0.40557069390627093,0.9472247174961826
0.278462438283374,0.6989388109359633,0.6414463212736793
0.7850041357978833,0.4013258479344774,0.7624878640785132
0.9517667396705962,0.4553596001245382,0.9100119944588504
0.8603897671625564,0.29370394668585637,0.34108563913985906
0.9145049065202648,0.9693830422996015,0.18994825863116072
0.8466712288772494,0.4007381701620057,0.4053091313290961
0.37794433320783544,0.2094823333301915,0.866948047259442
0.3171537525355281,0.35533305684378313,0.578541411632346
0.8205750293771288,0.7006314233239697,0.9225063941807107
0.9672159495844769,0.4092747481882219,0.8579042274360563
0.8478422843998081,0.5223904686756142,0.952211377181157
0.36940926692739395,0.5573772875111473,0.4733461754674502
0.22473674440854963,0.36190324308497684,0.1412435932531213
0.7379858966781953,0.6487217101702946,0.9917492033724475
0.36516126910030017,0.6940919437925746,0.8734761909256935
0.46105470166804935,0.9366597868193289,0.32973388622360617
0.61857912027666,0.20889143116557918,0.5432621261982987
0.45416807462486525,0.7545970795292274,0.6042915645779678
0.5441290514673945,0.7487555781030077,0.7149179412758504
0.8001166659732293,0.646850351008617,0.5870191001129459
0.035235583350974264,0.3890976278472728,0.3851715236309724
0.4551123811454258,0.8143798108578956,0.21551076894737808
0.6110454831017037,0.6534791305055075,0.9578933175479275
0.4588807848124162,0.9648200147261085,0.37071528278626703
0.012528623039792963,0.2789288538203488,0.6964794616195136
0.5641883935466718,0.5596933397870185,0.4467018799172113
0.04147617019556965,0.03900488214524128,0.5672144727326476
0.7585531847392185,0.8280011851747893,0.4977650754136623
0.5155554094816129,0.014330511735209994,0.8206423537547013
0.010683631204764399,0.15070761474028793,0.8312958792004075
0.6685327087432358,0.16529319881423488,0.16625485561333636
0.6047981186683081,0.6242299389345022,0.9844652223858987
0.7015032904391163,0.9716074933751297,0.2456715052871966
0.12221779735049776,0.5648205468492221,0.9698204254793111
0.5941088185788377,0.04289331030220861,0.0029511762622908
0.9653315232741878,0.8154609321890398,0.1997301569423799
0.9087594558188813,0.5083593718023863,0.3003813941436781
0.05234609120842548,0.7321287204252959,0.6894056850823148
0.7995665902504016,0.7560715245496462,0.5660000227882409
0.4935677818413874,0.06261025831270478,0.2561506185727294
0.8365751145777629,0.8902726822966212,0.7730113969598175
0.23071607960872564,0.866592449040382,0.1836901552425979
0.6665818015539996,0.5817502084888561,0.16250304785443126
0.72517615515421,0.7926351239206415,0.8592931365236078
0.8029348200445028,0.7258559209836694,0.8383502806712112
0.06177345145002566,0.06349720031797146,0.2623195645559959
0.6620404129925879,0.5275020247763945,0.5735507249419844
0.1332867759123369,0.5917885468054647,0.9987364054343747
0.7210104775189008,0.8332976913687727,0.7994767132667272
0.038383243303485914,0.4182063967318178,0.6174371271329151
0.24584975537561693,0.18403675729680158,0.18857033450646393
0.1294528944445581,0.26255507453011256,0.8042849644760618
0.42816899985567314,0.5853118695523457,0.10127225366683534
0.14679119794710715,0.7297915909807887,0.7548869789414615
0.5881620911696789,0.8228212062094792,0.04362958108112697
0.08364379411579792,0.9411843132277692,0.292508282190328
0.47679202499104195,0.43640997540594506,0.09185734786587396
0.5595362232589962,0.3086908044219577,0.10518431541514062
0.756548246377457,0.4615226829928217,0.5124681875139656
0.7351466810328411,0.24977113419466312,0.38782992892739304
0.7681297453076585,0.6064816205496304,0.5286256470483155
0.5359319037413888,0.23742386494851403,0.7870810446379829
0.20011688464210242,0.9592359684865608,0.016997719436397773
0.17902684619829656,0.5282543595374496,0.4652687130812974
0.06859315472913408,0.6939946186908854,0.6368073296031278
0.715954816887189,0.25818840910116586,0.2238008860099946
0.46821835119544936,0.22977880641899884,0.028341758978764675
0.15941501577814154,0.18953926549181188,0.16513025996563102
0.41496714330990814,0.21778586607368988,0.6195770485888334
0.14528453626800264,0.3153423673553388,0.7941329051493411
0.819988927462542,0.10419145696536175,0.025265018846767073
0.6933008022594607,0.4212015872893132,0.46196234938233965
0.610034051077058,0.19198092995773258,0.07270495285498785
0.5867880062431212,0.9076105575212015,0.492866228790961
0.9713824125186424,0.17877931829578692,0.3452152071917914
0.8090472563852197,0.6329296432606307,0.8803673168013311
0.9925075501261021,0.9042314731523678,0.5201132677130278
0.7291390984733284,0.49952924564921825,0.41466524472143584
0.7963058062436852,0.9339040253049959,0.6701595965823937
0.4303686181428182,0.19878743502078278,0.7955006128276297
0.24124415750079142,0.6691489367768526,0.3849059775961723
0.5293278124249665,0.5385175987333569,0.5701579373227125
0.9946264317851806,0.3535434172193629,0.9151515198485659
0.054981669026295754,0.9672604005587414,0.4081050985665018
0.9534300293475245,0.8170592314192222,0.16706921392946028
0.9971973294058426,0.7511579514866439,0.8481637152547848
0.2706443307123435,0.8743459134127768,0.12489505647950427
0.469865259429831,0.7729409498385582,0.22684195441554095
0.20273450823363293,0.6418953518806844,0.7704858191057354
0.5512435357587809,0.9507484496790801,0.8851686749489116
0.014818980225294043,0.6282396308658197,0.5841019246394764
0.45304804841667,0.23809920400640044,0.8658360918298581
0.6556646865112027,0.04454875753686871,0.7901003259842759
0.852217461829607,0.4158203205004548,0.6793739450719392
0.6881038503671573,0.07627779182826744,0.8715412254389159
0.10875644413059349,0.7478783119340524,0.6806634453410582
0.38496077084767616,0.10659991314471123,0.7816237367289648
0.9070345843797406,0.2822139625649937,0.5529007194801752
0.9327998040804618,0.027779673148657757,0.5458941222069134
0.34865777841882545,0.16104413741934642,0.39794272853299956
0.6004403525128755,0.9824135979845027,0.49899040297822717
0.8376010095279816,0.159349508909848,0.6759855597804263
0.7661111097253633,0.8964316721855644,0.5376091133401526
0.9621187647343965,0.5658499002413689,0.8775762512908049
0.7062563399844057,0.4825284541407414,0.13876076122582182
0.24609550312259915,0.06638790189222732,0.013225896704583462
0.7024637661936433,0.9899651750925986,0.8723753991062186
0.2391212419126728,0.7937329850431253,0.7323668565308367
0.4275797855946002,0.1748048381157899,0.6022233382775871
0.18416636257899122,0.18254622847389346,0.39259688823206396
0.12760648310756928,0.9564016248657426,0.4003540880522607
0.002023610804299858,0.41273323328283446,0.7443979484606544
0.5781689447305819,0.893602665988755,0.7105629128635381
0.9269960106262336,0.6356591291803475,0.5714820172405544
0.058295711185862464,0.45800350662018285,0.4688738256187563
0.9680801241811257,0.5472624737714522,0.9329451839016685
0.4957898595016911,0.06919709426850357,0.7554059278671982
0.5988924979678382,0.00675662684351902,0.17814151316732163
0.39969342794485035,0.21175832432741848,0.5428458434495715
0.4047582456852691,0.19345699352787993,0.6156045117058814
0.49654600533327664,0.9220522913381105,0.9892762973999549
0.47704508194945355,0.3636342467388961,0.6333230882511978
0.04904354781078596,0.34805749691382976,0.1619475357872489
0.743040349329803,0.9319361537057889,0.9314005689997821
0.9562749823348908,0.6738295612678614,0.5822742296965099
0.6310746935126751,0.5524659158485961,0.4492173110398861
0.4182985860695473,0.3397602199249594,0.07854411069054357
0.07899216033252077,0.7671563109585093,0.9182966818430857
0.01752656761169874,0.12790301762890455,0.7154813643294038
0.48749281755475976,0.6972924856521789,0.6877986856354485
0.1977605787084925,0.9571936529250602,0.725666032401468
0.6641327628135245,0.5218502994610457,0.3241811011052009
0.2691629878304638,0.0954230897799388,0.8886541034101487
0.6803127476968085,0.05095902849633055,0.7768614891569022
0.2611882680477667,0.17594883678947026,0.20812941687708197
0.19891158499801953,0.5764868230449012,0.06210312633597331
0.5476771757840941,0.2435084027576786,0.3259890618529591
0.4064436849483139,0.9032106400989232,0.48138511160929875
0.11759744478416406,0.900999883364853,0.2416637977863264
0.9019991825901701,0.2598111077226243,0.8239574730463788
0.7143093327861196,0.7306830126478335,0.11119199696824134
0.4095334030904529,0.1328537383207688,0.9769929913910451
0.8665178022662495,0.9515213677471026,0.07942789138036377
0.1032494355628562,0.2872635690253661,0.25090366856864627
0.728031237721771,0.3423059882197566,0.8867698263291626
0.877010754683146,0.009812479091872883,0.20981575502796457
0.7492029044164084,0.11732826418823528,0.581669739611879
0.1499802202569649,0.6226963109472579,0.31704457526658447
0.9700100448390523,0.44988900613931554,0.7528944638662912
0.7034744831492993,0.8650293774660908,0.0964027527156619
0.022041970467758687,0.14525232826304157,0.37200082134414114
0.7386899821289917,0.8796641246831037,0.6479490142944676
0.30636641972570366,0.3451351329583606,0.35795661773231036
0.35230201835679614,0.48113404251427727,0.3436224741828612
0.1871967013483452,0.7653681342035275,0.3766420501552137
0.47425314889465353,0.9062271492388932,0.14220698838812368
0.747070056463317,0.2132718340971,0.7476009340609636
0.9994118507930163,0.7063845309220533,0.7077796213742336
0.11933421084946477,0.6835683537294887,0.8130087582520085
0.6283475429492009,0.9587879175414972,0.8690376514075777
0.013456432285318898,0.5754910240656291,0.3199780525365315
0.6539096586335327,0.8994613609977303,0.37850573288135775
0.4370827073214512,0.8752815930506875,0.8003959253599648
0.6497249332241403,0.649184031073372,0.2798214015132906
0.4560757485183917,0.7807365447617659,0.9748756286826302
0.8482001707761493,0.18729227665459203,0.3607605549920891
0.22869302031291827,0.937647653435311,0.6307468838679274
0.708758410035134,0.9248558204529985,0.4380303417147984
0.8636720891742451,0.8614420625589713,0.5869375765394348
0.8992499518390772,0.15501433874977333,0.21722913183168452
0.9281727802036507,0.43985101655892395,0.5779292188012005
0.20418698511252692,0.6123658212283152,0.3479964702698901
0.9101990899281625,0.948775522705819,0.1914740013534304
0.48889161559251904,0.27150490505665853,0.5167129469701975
0.5320204450777084,0.26045744339285715,0.891819045633155
0.3875595205257291,0.15445572615579933,0.18038965675816243
0.15744771721200446,0.7959172607006528,0.8644820873994927
0.3465996711652952,0.012781858237512878,0.7653918459636927
0.6795287381217726,0.408987374860269,0.22919888095398727
0.7171605349527757,0.8600032966381317,0.8422600258189478
0.6435895823089589,0.29049115533229736,0.9082621025647316
0.05547456148376256,0.3497387197456806,0.3581968683199674
0.4024428146369561,0.5969283688909344,0.9817213747756816
0.5426643119076435,0.34165954155245687,0.47920595962857876
0.9480728985652903,0.4631451759951918,0.4532013703182067
0.7748048276092114,0.6793971188290769,0.4176899215168179
0.07111629860738644,0.7142606003421542,0.1518363130319078
0.15025841138911744,0.6104324262449415,0.5084521419415052
0.11802589499527322,0.17972253700936924,0.7685849996725791
0.2544915148213074,0.432452765260313,0.7616991504001128
0.9161410606014625,0.20381337918931297,0.6084947800954883
0.9154988009204346,0.16654247612005113,0.8763672750149791
0.8324194915573879,0.6367224235484448,0.7564124144856555
0.3588537826353321,0.10820084870163349,0.29820832381499035
0.38174398318359104,0.7593214735210951,0.0065147666290082396
0.940196599245517,0.0035025133391929364,0.8226627436215165
0.20779693571052166,0.3476376183471516,0.9241258949506066
0.3726828896210674,0.6962756631361623,0.2357195572698947
0.3472308728270117,0.10237085418277614,0.7597481879073452
0.06688246460435643,0.7314238956283518,0.0449314249308409
0.17107910107431934,0.34354312629123507,0.19671671453376005
0.757915059666359,0.9291863167804103,0.5405237788447544
0.8272272309629193,0.7192613761846488,0.5635250769023307
0.8100032338382037,0.5503060828796076,0.7096934861903181
0.07557692546303402,0.42743459983792753,0.8624847287626458
0.8984068544027124,0.03697803503354058,0.9680776753344295
0.8564708255552925,0.31296852645052325,0.5931629807715332
0.0874619405078283,0.8889771684389559,0.9624724729218629
0.5604877356866148,0.01887029277685226,0.5078969108462186
0.1442030814897311,0.04955675564833245,0.13012392675353784
0.7556905687062951,0.9952715175747745,0.43510629385289323
0.3042350647671516,0.4655827179107844,0.21162925066523364
0.6294724953999784,0.08811218391004066,0.10964148887307001
0.5380913407721486,0.667163984366543,0.41220036673066857
0.45089280961225936,0.852327109613297,0.3673183646245192
0.4397766285256241,0.5745419760621091,0.5291948377491487
0.5100800473532171,0.5990434756638585,0.6675637076821351
0.7895333542628387,0.3620187536822387,0.5213062756826831
0.7763861699022777,0.25541397913332586,0.07464889944030073
0.32415148072765365,0.5428462225892174,0.5534368164186384
0.7528314238998934,0.584639270237168,0.9253799505825195
0.03759518636701176,0.07057065381819488,0.7452828001264858
0.4729207318078007,0.7351391850089618,0.4226513176110089
0.05795126496081454,0.891608741794789,0.9008876930021765
0.2426338716078668,0.04107760062567295,0.024822700441490875
0.5467501032052899,0.03519239037150235,0.8894621557721092
0.6038702360473174,0.6439328719919933,0.10731907805221313
0.567399377279494,0.4506335926798262,0.057948895055261074
0.6397701536272583,0.16949963444421934,0.6721327859459156
0.047808444062726274,0.3248219834864468,0.6644409297738444
0.9546701690400737,0.7768838259168194,0.4396457850327256
0.5130136142302203,0.2317914630719493,0.3399401348537048
0.10059939222188441,0.8640730088692435,0.828324105070673
0.053152682190679756,0.9287955543056925,0.9678819132775985
0.033085266927933954,0.5825449091294448,0.5971038327987224
0.29479614761264583,0.8099318609584766,0.015047506852867154
0.9631250277076702,0.8009981121574868,0.330070142335946
0.9127772751163141,0.05791619570571466,0.7931643656707174
0.7751903306971533,0.2865043739183387,0.12664654950002124
0.8404372847321437,0.9547141227464037,0.713635189715615
0.2762169298454085,0.3982447936317087,0.08424239756470486
0.25159169294641265,0.35297915052883205,0.5105232325054909
0.6951846470711974,0.898909230959142,0.9115154730464288
0.37656391815621376,0.9626849419428396,0.4320466682357148
0.39508841293459196,0.9987729220106105,0.9049685889269614
0.12618777226685574,0.048281703219113625,0.20074268228493997
0.3025000967280588,0.9206594556281397,0.8811573994699183
0.5762650862496549,0.631312905417701,0.20531790570775127
0.3084144327037638,0.6429093269297353,0.7745782042936497
0.5086832390568936,0.1474348260258147,0.1868131206436957
0.3747499025863693,0.6189830614590233,0.17505354131446138
0.33211101886839695,0.4693951624141637,0.49468621758607034
0.20995381559263537,0.09616647057959204,0.5099119249373535
0.7835366876831609,0.5486043667991148,0.6716662171331067
0.27546183992847556,0.1927944927400551,0.9169366740693912
0.14389653863701268,0.5391531589900707,0.7853516207666597
0.9377859516820283,0.579731533095486,0.8181843283351815
0.9835765518642561,0.02804070229569333,0.8030926558826683
0.21654757511403966,0.13011256465914856,0.285925048259756
0.19176266439928868,0.15791611416924434,0.7243550584139502
0.2157477799705219,0.5189360069050685,0.8468004855608711
0.27787055338950994,0.89404997592001,0.718033523137862
0.585592402010508,0.313134055967865,0.6978664758413363
0.595253002455401,0.3875841863278497,0.40309363561245254
0.9574026278313157,0.33596291682982454,0.8168512830637873
0.5582262061497063,0.41022307506369976,0.06392037712527737
0.9592671252097094,0.762320807640114,0.5596702751759695
0.08448747832620346,0.14940008534058913,0.8943320455672793
0.03076923266504672,0.20004860256595713,0.7643378812535662
0.5374073026406367,0.5258773747380809,0.049803923023819086
0.07303144126196448,0.3806060507606219,0.6529880751888311
0.13804074562500335,0.2957186946265521,0.9369033608330983
0.9222641443407352,0.939626182496177,0.6055828987545806
0.10222296127139718,0.36669641235095984,0.00955000049086474
0.15253626385890584,0.3257862561765089,0.9028780240890525
0.7405564565559528,0.6405996178298435,0.4181379717850233
0.44900098668499,0.3719214942627517,0.9663226462828277
0.8032842922391574,0.9945882887434452,0.0010996836179998914
0.5737424259232047,0.8561699064999867,0.4906791139867166
0.4805360096757589,0.6741045650587928,0.31001935754561366
0.13218118441833326,0.5335503875684011,0.0766748616907883
0.2594789843910937,0.4518558638759456,0.3518050167988871
0.8132101143998018,0.7742013290100324,0.11817806584950508
0.5967675165808728,0.5012061352956053,0.8439348582849668
0.021174261227911717,0.6951786553572453,0.8445352516859728
0.41228883305493497,0.6587116213725511,0.8146532389285129
0.7733428837881704,0.15696863398664274,0.7234985714235206
0.03297049173485034,0.7343504321493067,0.09932636062895006
0.16725779259786633,0.3199416383126704,0.07782569017750635
0.3234411050911545,0.9885632688775402,0.8749863902039215
0.7423740976266466,0.3829109790762134,0.6661252767361842
0.16230271496389886,0.5589857064372137,0.05519480532656318
0.1606668976985589,0.818315531259393,0.3276247271444214
0.2379217471710342,0.5023103561407654,0.20646326471717602
0.062071429471457495,0.09130360936937387,0.909546275912899
0.44107083894378524,0.7416190995386263,0.5185981108870131
0.40561215868609146,0.5161379391746624,0.06845010324714529
0.23143069668785066,0.49267836617849864,0.4078549371928563
0.41334820761062174,0.6844316319417023,0.6685207427224246
0.6701490026289865,0.44523935356709926,0.3633270620995152
0.7919304371837073,0.2639944816331367,0.6401199950555061
0.7785237673746165,0.05248342290386515,0.2201452848453901
0.7812703191843077,0.666955975006948,0.21450499688746855
0.11062895468893186,0.25029613225566666,0.15240609757672097
0.9112676045673855,0.12027256095152228,0.8104684496730984
0.03628734166731262,0.8028470569739413,0.31155656423450995
0.5771551501082492,0.3177103898389699,0.43631160454958906
0.025462143184837083,0.5039908888182293,0.004950583565159872
0.08654042521022531,0.2423138893636385,0.29701168642916137
0.44088847716395146,0.21948772347636514,0.09800412483555382
0.770246176284886,0.5947722006396634,0.2559497026945336
0.4114961591405856,0.781170878170832,0.5416375371687561
0.5094404234816021,0.9913782015705787,0.3231032578781958
0.9763178521623075,0.979881970333222,0.4247760562718381
0.36254833545724546,0.44156600716524447,0.956357931849711
0.9277834230356979,0.85302941154904,0.3441591411284903
0.808884644395762,0.28863732344714166,0.5912533091048212
0.9362727915609214,0.09443548523551953,0.4639307424414742
0.6503250892521898,0.17099896136629023,0.7783701286439484
0.7090470469811767,0.2301201876302883,0.975088270259951
0.7487022855581507,0.4733846413574175,0.8254663624731976
0.16633595488348557,0.3024337440590796,0.18166137671316251
0.5022167600554709,0.7397981901103183,0.13955127085551555
0.465552981109813,0.12254331556644626,0.7351154153330601
0.8212293244154645,0.0016578298687273674,0.26735250185933146
0.4915405798388697,0.902047533560372,0.4374477382064547
0.2382299680111032,0.017985232064108292,0.7829566470215383
0.1968153514946036,0.09050201643445449,0.29035842003384194
0.35964912019027084,0.13894960517744093,0.6435818009106322
0.7398664353935248,0.04573540915074131,0.8308540868814768
0.23385257283841998,0.6388983651586397,0.45624989752177686
0.38964211560113765,0.240007565385971,0.019425117459072716
0.21881050130549168,0.0838346585438357,0.13448695906762753
0.39865324057722207,0.5155203913458442,0.8397471817766452
0.24378741314897295,0.789676525856913,0.005064509461126021
0.6824457200449467,0.8837997229608091,0.11668010893314129
0.15539290506369263,0.14341979626962031,0.5902607213607451
0.4330293277545846,0.5534609148044145,0.7911611298103297
0.9451673633820618,0.656404349914327,0.5170495181613946
0.5264101526302986,0.14182131408412468,0.3669496942751339
0.8295706023680055,0.16476141977494718,0.964611364913548
0.7675834211627307,0.5294464020842038,0.26986754730384654
0.39614443737842886,0.9089757925085927,0.8153144966184306
0.814117614252748,0.39968954166409,0.05082962748201503
0.5248350687051314,0.3505765797561498,0.05808174505042091
0.9317385759447491,0.09318559862249803,0.3535343663868954
0.32789910689007645,0.9837454577602434,0.5563210416577676
0.8901462379766232,0.4359937424246849,0.8334292837781885
0.34486807921060936,0.8570979339987836,0.5628058466334269
0.7901072294502832,0.29165101492818063,0.5858174783290523
0.22332320560910418,0.4386415946253044,0.826396054308028
0.9094164607174936,0.12979438727075887,0.8503941841542081
0.3009673448765059,0.10742324924685043,0.9341810708902482
0.4981209324902622,0.8167447900111422,0.8676584870611599
0.5432116197958617,0.21200219908392626,0.08649582528154476
0.6721651810252637,0.6307247614471065,0.35927100614427865
0.6929487286886246,0.7448697014924535,0.8199335588093326
0.00957644246775341,0.8706382276510399,0.17096715804520063
0.5194618257855252,0.6393308914419873,0.7662740548314099
0.5339887637855498,0.034118159999361575,0.19330686718738443
0.8862339881423931,0.11607420360252774,0.16983447674670876
0.5747846621326081,0.7870456309277071,0.03982616871612005
0.8598488329591096,0.39405417006325266,0.12223063964261038
0.23576729970261912,0.7043503251625708,0.740103663187097
0.938798409930266,0.32604369374388165,0.19243722303857086
0.2873504839224862,0.13500538830759362,0.08392760503326291
0.09621553664252291,0.2974187276764917,0.2992373226199273
0.3755743944674366,0.17307880743886128,0.3027782003189498
0.9462704359032612,0.20222341029336965,0.6424178117508654
0.9872139420221938,0.8249170913017307,0.7533058616916896
0.9525840364815432,0.44712645504053883,0.22504213673674178
0.18382677899180322,0.9354726612377703,0.47655310839515636
0.9800755608159916,0.9995828409706362,0.8346765105274949
0.9505335858790179,0.4742549627578014,0.6075480863794375
0.5523704731731438,0.1991807641408384,0.22725404361959056
0.5841592430790212,0.8271244917448668,0.4848551523084443
0.49024878554407786,0.6342122230599904,0.3689932753447855
0.2833179692302329,0.45613640219952795,0.665489726244523
0.3782793950526702,0.5617521914634223,0.2470671409062325
0.6854227077139291,0.06065156832022295,0.5228396605703344
0.824369824428788,0.059704354811169646,0.739712470059129
0.7935397628005895,0.6169704072350896,0.1792102908615109
0.8184671394195571,0.33889091231296975,0.6880664868115021
0.9351073879898165,0.2330662968493311,0.41365443108045813
0.6276396452366734,0.10097963923058817,0.008724544180353844
0.39310110139048804,0.26960290938791853,0.5011124109563779
0.09151327239413759,0.8347757248521098,0.4215586881647146
0.22081145777709915,0.8598327925360196,0.3181492580866429
0.3703502514606219,0.37252313474092963,0.4759599840429748
0.9869089591784217,0.3733838156315782,0.5802310529018404
0.6466994484780567,0.5683021162930966,0.14861414259719963
0.7610379068103911,0.7971675008308935,0.23357552015437777
0.21079818225522412,0.691334734865679,0.3269806627700311
0.11293401907083112,0.28063123336043183,0.7848908717780725
0.16941267747890099,0.9055070907612929,0.35659146961643046
0.572781708257539,0.5976764806485615,0.30796373411492106
0.49269550684292673,0.11035784013535349,0.9992903742590408
0.8709493293418891,0.7710224373347548,0.6286534989586047
0.21468624293241223,0.2656553892066868,0.5248376431095249
0.9728898622633834,0.053866352314518806,0.361387797195411
0.3370522072321981,0.5141803164805677,0.15396800778275466
0.7987613976588045,0.9123996059255469,0.08937397893728838
0.3923033857330377,0.858674074487945,0.4448946382549109
0.17684120763326294,0.8457768307306608,0.07021352478437898
0.6522869761188699,0.22498995361518825,0.5895632951135488
0.8441178736475101,0.8416383198848352,0.6825880781983868
0.630428059356712,0.8713405263536628,0.8825499631635879
0.6174583955507831,0.00586958874645277,0.18708960440941996
0.8540624001245777,0.7166025467008258,0.98540508680035
0.3577732421703975,0.07409625617510718,0.676175437673215
0.11461298955217364,0.28305065384858114,0.29149094130114206
0.7304197332102801,0.7094799630386656,0.3625473755824608
0.67838493831458,0.4624730735337478,0.44867881020561545
0.09310041237168604,0.8825497802825388,0.9294544621669509
0.44348435734997393,0.5267338040328539,0.3805538432972203
0.8356300968311686,0.36907003847758796,0.546386075094722
0.8854784663769666,0.12385835526285727,0.33184858356008756
0.19276442095750412,0.7578189500227194,0.17281641486125787
0.5187535925560202,0.844997119447255,0.5949695897929959
0.005854669011929936,0.6626259235732708,0.8413932710718305
0.9048852166875776,0.3102992772938631,0.23226595791288834
0.12171882328274697,0.30396576944911435,0.09708269038944961
0.7271137735045412,0.6778986687501436,0.6229135901835644
0.9217622622350053,0.4795835996475185,0.7172731262026176
0.25824420649382634,0.10977479063105317,0.09529767576675391
0.3558033619723355,0.5345649444736287,0.12171383387856022
0.17705745085199187,0.30462538531333744,0.19019937126793102
0.7346588478491963,0.010811393238474132,0.9977243438611442
0.00469239354066836,0.4680470909181165,0.7773359668072475
0.5121147854761845,0.7222401167545659,0.11717910941763965
0.5543967929829456,0.6047503251172286,0.2481747528328141
0.8230085272137839,0.3307753076495327,0.3227379645104665
0.1938924471083452,0.13483545841801303,0.39547540163899403
0.33679722309055904,0.4287652126984049,0.6485161559696235
0.3560261618257733,0.15283363800409833,0.31306587793533147
0.5569923418016679,0.7408609711266839,0.2750846099584037
0.7104400144964064,0.7887000815817486,0.5831270514206781
0.918893114440331,0.5712592836489165,0.49367556790549716
0.6453542442586999,0.9808077814416606,0.3146135443887764
0.5169349650756455,0.032070890512693406,0.28995029797188693
0.2932072228725153,0.41723811627607793,0.7603669686811145
0.8757162027276373,0.6683030257221892,0.8401908959556772
0.3150558659886375,0.6860420218916089,0.0872407495833189
0.9340130928157052,0.5772677116167334,0.24082512989715843
0.889971084672502,0.6603663287291135,0.7678760581563782
0.15107985568939403,0.007262488598103578,0.12321454600722381
0.14117211651265682,0.38615906265247013,0.7040009963311943
0.4352573395873442,0.8805873718268812,0.9714831203534883
0.7791004134777134,0.8010736219092558,0.52587806480436
0.042700746935006306,0.5203904430662778,0.8296947253222611
0.446132407229307,0.000490140128115768,0.948178882132739
0.9983364065490403,0.460860243859251,0.03749195988854359
0.9434049507455281,0.5135038715683361,0.020320246000965048
0.36084649745179886,0.7846109701863987,0.8528091076600415
0.7313889852618033,0.6641535345520043,0.20212063651513068
0.4250117622221949,0.6056074403224785,0.8550509846738709
0.5658968525881969,0.5602801906027203,0.9597722511758845
0.7185455009164697,0.9759135744944233,0.30538452970997365
0.06011962308818464,0.24668844494796344,0.06597691394545568
0.12587980680601496,0.28922112263002925,0.631411038336918
0.8934833569431475,0.8358365404357336,0.5641196504971446
0.07794736387030599,0.9960090052431436,0.8953290118154186
0.39071907698075,0.42983865248779585,0.4256767549840378
0.21285341637341781,0.6719478410741183,0.4452587424444988
0.39400568920119744,0.7640244920149614,0.5491932993852909
0.8420398622121843,0.4483884621462555,0.5314479060406354
0.17083948066247634,0.5620679570263878,0.7792277536778426
0.7727125657562164,0.31837793363271333,0.9355484321292401
0.786159858475943,0.5002296297663976,0.7308957040441054
0.5974517340543105,0.9456830165769105,0.39001215079788837
0.22280178945169798,0.28180497672586835,0.23121683420449002
0.6378069949825638,0.7269371628012283,0.9455078324072882
0.7044000834218944,0.07356355884386706,0.1038240117063437
0.04610867749044928,0.8138318003025268,0.3089551190447102
0.26771253273031714,0.7778886159120707,0.8875409383732703
0.8387402940048158,0.01511834506221632,0.30998272750513306
0.34178134596415044,0.01661848264098803,0.05434350007389788
0.9200885664018755,0.773992668309398,0.35566524127178456
0.23498070269862936,0.32123862538733355,0.703141871676498
0.9240959015856176,0.4902911983651633,0.6460532529554728
0.6325883874983134,0.6370859746985652,0.3549093912070322
0.17294202958254112,0.7666189091885385,0.6291416394567623
0.2502991618993326,0.9860197213127954,0.4856262621512194
0.34337783870925404,0.5662448301746479,0.6215603705550217
0.7444722974722949,0.046016795183915216,0.5389726756063042
0.34985314081825336,0.3373064806597921,0.10276079023691193
0.06776138837732881,0.4224490841830274,0.022802009835733383
0.30929409361270865,0.8853384321384821,0.6777157253789294
0.16193238323777676,0.6872280394189081,0.27756574808871765
0.0347425190660382,0.5408385311148671,0.7345901987692223
0.3423792163101661,0.6528812213241919,0.010209608647139268
0.25316098609209553,0.4075893501798566,0.5263581311297196
0.8687019829280924,0.586320407815125,0.14664051247127152
0.9742668100255595,0.4301660453432261,0.11937157726904557
0.02458021687071904,0.14064192717597734,0.5751718149242057
0.6779798151975122,0.7436589118403801,0.9391318794784885
0.08970384366727752,0.22266867148896918,0.8533716661281572
0.8645238984862043,0.3232677048484134,0.8581137812145938
0.5538260113404231,0.486540888090322,0.6144195734383832
0.2176263509073726,0.9344325398049825,0.34936561581468956
0.11139703487694341,0.5065707965013646,0.674570123518811
0.6157638020856843,0.8634598573887345,0.406063459070674
0.625619094128392,0.021676870744841648,0.25981177327146
0.27244234793213357,0.9743216575478425,0.5278156900656734
0.6741119592791874,0.2570954084800773,0.8568560834448494
0.6840050227335116,0.04709426814448103,0.5685685780434074
0.6242612543022201,0.18371881103124943,0.4022050342182287
0.1488023134613216,0.05532419120004306,0.8705197015856871
0.9051648819760334,0.9011078332127742,0.6208812073839111
0.2682582122738738,0.251712934263574,0.731817787184008
0.5898479721709733,0.8363468141601129,0.37928666295298835
0.9026598373938957,0.9474324946438561,0.45554805964062334
0.7657737217155346,0.9630059030320651,0.6613833636206996
0.22643964453270704,0.7962625151882231,0.030685348596961204
0.8538908663732019,0.7997355412220827,0.03360700098689401
0.22504815887235718,0.7535466888678344,0.558876212003198
0.8736231937266468,0.5543864058399385,0.4293014176913179
0.6756469280072384,0.8769256334632654,0.9653054342346234
0.4387238299066585,0.2540449483373238,0.1635649020790464
0.8884076180460699,0.7388545646896599,0.10473446289360505
0.7334836014124534,0.4763437465887377,0.6817214258343911
0.9444562330656195,0.9769661803748086,0.8096584112705362
0.3917974435631103,0.8234196964467114,0.48953914113195324
0.6998123151230988,0.424338125310198,0.53452946113481
0.7888619135659471,0.6501708953961086,0.5576838504982898
0.2564891520050629,0.3789138790535023,0.1432146076309877
0.5040310730093049,0.1338207455679431,0.6393915764442958
0.42458660592460673,0.0756096518731173,0.7295517186326494
0.2404337051751959,0.7698696173929184,0.053154312799091
0.6383844169524184,0.5808813566742604,0.014243216420293192
0.3340224393713377,0.6634665158099134,0.49911562212115107
0.2574093782125512,0.3813598143080325,0.5040011943583633
0.5409006717448421,0.5724602785197455,0.39146952639746524
0.4644103660486212,0.8477946705384738,0.5505902495367789
0.30730073439257133,0.01948575676734421,0.42012618702098287
0.7417402736563091,0.6219997934315905,0.0180843448181775
0.7624627105644344,0.8480793825840783,0.9330842713819327
0.5839012539251258,0.011789821551816237,0.06043446951750053
0.2711663793164054,0.29255836147115044,0.26517931509211645
0.4860751944247723,0.1943822257457864,0.3484199154496794
0.3254479631537989,0.8543849985377012,0.4642715948558947
0.5915312058473319,0.4462675338677006,0.8688009260717104
0.5997931615932994,0.22103602525369614,0.21250017543414457
0.6418841358922707,0.9973047096702544,0.6376625801333193
0.24481558942702553,0.9701810408859053,0.7364502276809111
0.8281311826377998,0.6264299699209864,0.2342943022650643
0.3261550622858216,0.37054154998787764,0.2031851820398679
0.4627767962318317,0.00833747289424508,0.4413320447042228
0.6143292862523458,0.5875820300469923,0.5233465110792374
0.9841492817529734,0.7706243219228813,0.24649344112671373
0.008782796615131316,0.3348129414837089,0.6993197711904842
0.4843431903714684,0.3914186871667957,0.1449531963622025
0.2322937088085768,0.7608847382071273,0.14060915328819645
0.0562589851268111,0.22742333756213584,0.7380999940711424
0.6360623376382354,0.0846276123433406,0.27214009321833205
0.2059755936329103,0.06439723282973497,0.37743101263394097
0.6265280364028534,0.918640803236021,0.693825836830164
0.3214090835674485,0.8116211154378332,0.23078934454497674
0.47024053471262706,0.4894318026532928,0.06705562839640966
0.523435738602647,0.6764846896937367,0.9863115943901003
0.8300173022023379,0.4849899680830258,0.8177922680135348
0.40017333762228924,0.6812302838365089,0.6278507043266913
0.7948249869164157,0.26175673760251705,0.5721617875183708
0.9554686410046331,0.09939450460333588,0.5140545115500268
0.6225028010646474,0.08108159155273237,0.4807394564641989
0.2646186263699941,0.6299330770134697,0.7060041928344674
0.8057860756925459,0.7759288914426885,0.5474811017003484
0.5076440325925219,0.5933086940388986,0.9702478429026027
0.011268522861634211,0.39317787794840364,0.47811875139973103
0.4678260803564062,0.7424208510371678,0.8471006691035635
0.9901367034672649,0.4529460252334549,0.6162252628989673
0.322682798604675,0.9686755860055279,0.914855638081245
0.0010656411995878523,0.3926381451124579,0.6347806010965856
0.9475241401626173,0.15147599134857737,0.5486375323001156
0.872923437704831,0.5839753232757756,0.47177895707323453
0.47842559295917664,0.9160889596876745,0.7277152516106874
0.42331133248653025,0.8433170887132739,0.5390876616757705
0.13521565109919342,0.4832715345864537,0.43079380143314505
0.60680453446709,0.9130409441019365,0.7019266935760045
0.1806764746530507,0.5884282804827999,0.35235765008960074
0.2139214977026032,0.8207303333467706,0.33594327449411987
0.24788681157330572,0.8037212632018956,0.7225145132477221
0.5689228077783011,0.6855869721386736,0.29694286107734275
0.3733779813068742,0.7368580013366041,0.048454276997595525
0.22156425907596378,0.266958973104459,0.08243920889162132
0.5794238066161805,0.17192646929386307,0.15506247792360772
0.5117752039568465,0.8398755762457567,0.5546473931753458
0.7262123184830567,0.9534597642302088,0.33203233190539805
0.4635667035478659,0.7072893678544321,0.2579305557190346
0.4487759332723457,0.125502192544807,0.5920560633359496
0.2600791330695166,0.8047440296525781,0.7423979642639097
0.9196684559393704,0.35637112118423014,0.9436013371166337
0.4750934419104636,0.21694477562086312,0.5950018000416687
0.3502943915361101,0.2776467743444436,0.2715454561749327
0.29212791902494745,0.18614922712053028,0.20137877616075794
0.8223872327408409,0.16758621840849597,0.9838269980246129
0.640103908736791,0.8321969300611151,0.694210229339414
0.6973588042565658,0.9738746113326828,0.5027176952740116
0.7609117257606157,0.47787144732704157,0.045153995309039685
0.8719320533427654,0.4148116043930612,0.03463805033792183
0.8110721593007231,0.9304830637796639,0.04109778295968247
0.8014771312555511,0.8818105017000963,0.7986061924571459
0.07971029281526781,0.507158915152605,0.4958982654616197
0.8169915328385235,0.51168209998443,0.9279424648201746
0.7597884532433838,0.23635369803831274,0.9193464929400202
0.09015487781333764,0.6903649978652148,0.1852352726724562
0.812933789723941,0.5309581777307216,0.963503625767599
0.7971633722166076,0.1443962546534085,0.026008905261977078
0.15860761509865812,0.2560647521057639,0.9447719466757825
0.043672743556510685,0.5242913184439814,0.4014608699759126
0.5577387478068315,0.8421457956487708,0.8113297781081509
0.27475036594569247,0.6272856632433469,0.28302164076770253
0.7954841047605151,0.6706999826108443,0.6561244941100389
0.6483237806368004,0.434569206128346,0.15826795508440816
0.5938748099043338,0.9496659093542803,0.7282614120752854
0.9061175207208766,0.2990337067279295,0.28856001327108566
0.31035864396049584,0.4726728278552313,0.41696158695656754
0.6560936181709262,0.9115735112152388,0.7962756576024848
0.09839221338663029,0.6003337715113084,0.13347095228693007
0.4948605876644932,0.44345222213335533,0.7889698763180395
0.6074490111107569,0.3609422780817556,0.6100956725325469
0.03940415149726739,0.49477700292038457,0.47256923940884127
0.8910420109186206,0.2707431829755135,0.7864159952496623
0.6058430508291222,0.9384942132981922,0.02984310262804074
0.8926347758155151,0.11866965713164579,0.9413112786999167
0.5410935425292714,0.43759942145616615,0.3150168222577121
0.804491441707543,0.3856693340280725,0.3713351580090891
0.12416107652034453,0.5314206608633473,0.10872382821488469
0.2084250436686772,0.932662743114291,0.533494491712494
0.13144742204442517,0.30980522509959824,0.27849711204366867
0.36398914175482827,0.40649030795898544,0.5058500380295787
0.9756555022527771,0.4268528428390192,0.2843261102697442
0.723083118278289,0.9603398548347759,0.4965878876514882
0.7074119979962835,0.39000954161411905,0.5192749388861113
0.8761082892871048,0.5412693003359641,0.5791681921749856
0.5255273031059122,0.48807034866794463,0.6098219792753349
0.7465664416088637,0.9553098390203572,0.007120026861382578
0.3405080492695805,0.8864750797500429,0.2134314802694201
0.8346486152892857,0.6446085064827773,0.4669862936138131
0.4342741258409959,0.8501793246433795,0.21962789140101824
0.6733137514204389,0.2354197858138225,0.513037148234314
0.22947317844491766,0.724529326655144,0.05256511613674164
0.6423459790644983,0.24803202039984612,0.3995754982347759
0.3663717436261995,0.5637874896404104,0.38949139582936537
0.24960164772028282,0.2397795775481515,0.4595137048208649
0.6610772084178528,0.18599504679365764,0.4114274360286386
0.8782375701953166,0.6559258464363948,0.6606414712595904
0.7320756088689201,0.8872065390423334,0.22124537623820567
0.7874472889768127,0.13743907108633469,0.37404907061845244
0.4191408548076074,0.3079763964601957,0.8617460577459858
0.18654438400090867,0.25220767280730527,0.5157631885983123
0.4577014615387108,0.2849879402072177,0.26151168509603834
0.7451266861133602,0.7503659594151425,0.3836089927260799
0.37931142269721685,0.8723610527328043,0.7833616250868373
0.3807527187937524,0.6174917949302475,0.9490661286083987
0.9778542796900508,0.884123088957826,0.9952823609840622
0.14245571766817244,0.993760934902461,0.9940215226806304
0.46633620075604765,0.3050590339672319,0.28605618832633145
0.1739550857813968,0.188797618411932,0.8364843349860815
0.41073164044789423,0.43339805986362634,0.41995292664419026
0.29135530048105773,0.22075141656663427,0.0327039174741518
0.6342185454342414,0.5048503959558766,0.1770632895710324
0.059616318198817964,0.6158711089527452,0.4748526153339219
0.6573810385159233,0.30001308833192086,0.6445463594721552
0.07068089686178353,0.6927779916761316,0.13554808614889846
0.47148200468189977,0.21842874689922032,0.5601342960288052
0.9852848792593409,0.7085392040609789,0.961459498946326
0.17424678965201768,0.2233947158315437,0.8979594791367277
0.28229445297516154,0.5097610065784277,0.22294089158789882
0.6676351305163523,0.0565572581171242,0.1741273479199748
0.3294520230571352,0.13134088446885056,0.77233906297891
0.2659674934068541,0.5514249659023462,0.34653533041860246
0.8817336738774546,0.09871154040104363,0.6857748749279685
0.831818314740352,0.919976372982542,0.3379851794922981
0.6207241261284325,0.5196449642134948,0.8379816494864131
0.9617118147131064,0.3963957903594538,0.2241083013486158
0.2668937125537699,0.025290587306595613,0.2530905719991472
0.8972412509501286,0.4954368552667612,0.9904861132519674
0.9914157766120792,0.3585983580621532,0.4672230408082185
0.5312275090210327,0.43173760433077124,0.9776207712406743
0.16330156036796767,0.11566831136911548,0.8786265868531032
0.09715828570759011,0.47844103061925175,0.8212075394194679
0.8655859270695155,0.987004807595305,0.8542925839022841
0.7821915305500539,0.07972996872643345,0.173955704012982
0.2891475610261665,0.7826654821506701,0.2378147950734939
0.8826387127058334,0.3743510262242177,0.5983807412907766
0.12386379409940607,0.7495336374440099,0.443867544846944
0.31160084976855135,0.02681573191972536,0.48818412727580673
0.6912181543133225,0.346116246342253,0.9264922593038568
0.5273196737510258,0.9276124958389469,0.26661763197157207
0.6897441825404893,0.3360002103431064,0.7890477459677491
0.2816137248915029,0.4111590789087431,0.9606114941498372
0.35398902228264806,0.06155859739302855,0.027825192728104742
0.18561836918210373,0.6230658753758135,0.1648453939302636
0.2993135992957722,0.05840372975261782,0.338777433922551
0.19419718240907224,0.9269640454142355,0.04073848948395137
0.32070314862870064,0.20400701956326273,0.48350075808379567
0.995677153076944,0.13952979149376665,0.15459008996709
0.7220300018842438,0.6073606499728564,0.48285093311878674
0.08841685089529755,0.8216307269320735,0.434951520978309
0.7055735184012198,0.7466247323829558,0.11064639237570745
0.5018765843184221,0.25367263132335005,0.6352508525383668
0.5173256331081728,0.002431758943621909,0.506346063775437
0.07473278927426297,0.9174990337626862,0.128463147203561
0.2014955935065128,0.4443445812799617,0.2646678912449133
0.6514847570361304,0.24733018670082774,0.031899167423367236
0.09951175840320559,0.830824995473166,0.6012447932079108
