V_rest,V_peak,dVdt_max,Amplitude,DPA,APD80,APD50,APD30
-72.109955,23.096458,518.6747,95.20641,73.36,1.9000000000000001,7.58,8.16
-83.82476,24.41034,517.12354,108.2351,99.17,4.72,15.290000000000001,16.28
-74.78425,29.11707,526.6402,103.90132,43.35,1.8,12.75,13.5
-71.05435,24.963835,525.7027,96.01819,27.27,1.78,9.370000000000001,9.97
-71.53364,30.15145,535.6437,101.68509,84.62,2.88,15.620000000000001,16.45
-77.68697,26.73078,521.08826,104.417755,99.17,4.42,17.11,17.990000000000002
-72.38249,25.604193,522.03394,97.98669,99.13,1.78,9.3,9.99
-72.56557,18.29606,516.7543,90.861626,41.24,1.6300000000000001,5.72,6.43
-76.70186,34.090416,529.888,110.792274,54.82,2.54,20.650000000000002,21.61
-78.66324,20.08155,505.795,98.74479,56.26,1.58,5.25,5.87
-71.91251,34.863953,539.38965,106.77647,94.98,2.89,19.26,20.09
-71.75584,20.563444,513.56573,92.31928,94.17,1.45,5.2,5.73
-82.27847,26.223898,520.2141,108.50237,65.89,4.19,16.21,17.3
-82.00005,26.31162,515.7712,108.311676,67.72,2.52,12.16,13.09
-72.92702,35.420876,546.46893,108.34789,99.17,3.99,26.26,27.82
-74.198296,15.039625,507.80188,89.23792,98.97,1.47,4.15,4.71
-83.60326,24.026937,516.4944,107.630196,99.17,4.51,14.01,14.98
-83.67579,25.010656,518.07684,108.68645,99.14,4.51,15.77,16.79
-78.212135,19.514154,515.8338,97.72629,99.16,3.5100000000000002,10.39,11.370000000000001
-82.87982,33.689587,521.6719,116.56941,79.77,4.26,20.52,21.54
-76.925446,21.818918,519.6191,98.74436,36.21,2.43,9.97,10.69
-82.23775,15.28953,510.00177,97.527275,99.17,3.49,8.75,9.450000000000001
-82.78256,22.233873,512.8808,105.01643,75.2,2.48,9.8,10.64
-86.4053,33.360565,518.04144,119.76586,67.53,4.0600000000000005,19.3,20.34
-78.02692,15.933473,516.2145,93.96039,95.51,3.11,8.86,9.56
-70.02848,17.44337,517.3664,87.47185,66.7,1.68,5.2700000000000005,5.83
-81.277725,28.464544,515.91705,109.74227,99.17,3.27,14.96,15.780000000000001
-80.39571,20.44801,506.32236,100.84372,99.17,1.8800000000000001,6.83,7.57
-73.21008,29.197155,528.7192,102.40724,69.59,2.2800000000000002,13.8,14.6
-73.5636,17.186068,507.88803,90.749664,99.17,1.43,4.57,5.23
-73.647255,29.585527,520.5688,103.23278,99.10000000000001,1.67,10.75,11.41
-72.61998,31.436213,536.1312,104.05619,45.68,2.21,15.3,16.29
-74.58137,31.641884,534.305,106.22325,99.16,2.73,18.63,19.72
-72.2402,28.388401,532.8341,100.6286,83.23,2.18,14.56,15.43
-76.370766,30.38233,522.11,106.7531,99.16,1.93,13.120000000000001,13.99
-73.839226,25.237791,521.0708,99.07702,99.17,2.74,12.14,12.93
-75.17724,31.619223,532.5858,106.79646,99.17,3.91,21.830000000000002,22.87
-82.3189,20.738783,516.2654,103.057686,99.09,4.34,12.96,13.98
-86.93518,29.460545,510.5692,116.39572,99.14,2.85,14.32,15.31
-71.066154,24.465263,526.7391,95.53142,99.16,3.17,11.55,12.38
-74.233284,20.150698,520.22925,94.38398,99.16,3.41,11.58,12.36
-81.907425,18.121578,511.38327,100.02901,99.17,2.87,8.96,9.93
-77.43976,32.411476,524.47754,109.851234,98.88,1.8900000000000001,17.02,17.79
-80.53897,29.033241,519.8796,109.57221,49.1,1.97,14.200000000000001,15.22
-83.667175,32.24929,521.2555,115.916466,99.17,4.95,21.16,22.25
-84.2529,14.183607,506.58627,98.43651,99.17,2.47,6.46,7.17
-75.709694,24.088892,509.5881,99.798584,99.15,1.54,7.13,7.71
-72.356926,29.303703,529.86096,101.66063,99.15,2.36,13.69,14.65
-72.61286,32.57396,542.63275,105.18682,99.15,2.96,21.84,23.11
-81.644165,19.71208,515.56433,101.35625,99.17,3.75,10.98,12.09
-84.24235,14.354175,506.10657,98.59652,99.12,2.35,6.21,6.87
-78.0708,24.270893,521.26514,102.34169,68.95,3.68,14.66,15.71
-72.778786,28.639677,527.8908,101.418465,93.32000000000001,1.6400000000000001,11.75,12.6
-79.847435,26.703196,520.0744,106.55063,85.71000000000001,3.7600000000000002,14.66,15.75
-73.944115,25.237984,525.35284,99.1821,44.87,2.77,12.22,13.0
-75.65553,28.62916,520.53204,104.28469,99.16,2.66,13.52,14.36
-73.73166,23.699339,521.56976,97.431,99.17,2.7800000000000002,11.88,12.68
-79.562836,21.580984,508.305,101.14382,99.16,1.96,7.18,7.98
-72.110016,30.99918,535.58344,103.10919,99.16,2.08,16.47,17.39
-73.1639,25.000534,525.99567,98.16444,99.17,3.48,15.15,16.26
-78.812805,30.356016,523.1513,109.16882,99.17,5.0600000000000005,20.52,21.54
-81.53546,23.236343,519.73584,104.771805,44.96,3.15,13.55,14.83
-78.77703,16.608147,512.39166,95.38518,98.89,2.17,6.8500000000000005,7.72
-83.116295,20.372536,515.7221,103.48883,99.17,5.16,13.66,14.64
-83.98047,33.407257,522.51434,117.387726,99.17,5.61,24.97,26.39
-70.872826,24.660704,526.0774,95.53353,99.17,3.19,12.66,13.55
-78.12213,13.392437,502.01984,91.51457,99.15,1.6300000000000001,4.21,4.72
-79.371315,22.022068,512.69885,101.39339,99.17,2.2,9.040000000000001,9.85
-80.35526,22.390896,519.0926,102.746155,38.02,3.19,11.56,12.65
-74.119156,29.251938,530.08,103.37109,72.32000000000001,2.11,14.06,15.02
-80.52745,27.68742,522.2805,108.214874,42.13,3.7,16.580000000000002,17.79
-83.4487,20.307337,509.94302,103.756035,72.24,2.13,7.7700000000000005,8.61
-84.522224,32.42369,514.9639,116.945915,99.17,5.25,19.92,20.990000000000002
-76.12084,30.703485,529.5355,106.824326,99.17,4.15,20.330000000000002,21.64
-76.85226,30.46247,528.4327,107.31473,99.17,3.8200000000000003,21.46,22.68
-79.895584,17.942575,516.8944,97.83816,36.96,2.48,8.72,9.82
-77.45128,27.941954,523.861,105.393234,99.15,4.23,16.88,17.82
-75.584236,25.913973,521.1877,101.49821,99.17,3.39,13.35,14.23
-81.82373,30.692768,514.8905,112.516495,99.17,2.7600000000000002,14.96,15.83
-83.8621,22.423014,510.5116,106.28511,99.17,3.0300000000000002,10.42,11.41
-75.10655,29.65851,530.9969,104.76506,62.03,2.67,17.900000000000002,18.900000000000002
-77.48545,30.859537,524.8033,108.344986,99.16,4.65,18.8,19.8
-86.26559,26.727528,518.203,112.99312,45.92,4.61,17.53,18.88
-81.85377,30.713774,509.04114,112.56754,99.17,1.68,12.290000000000001,13.01
-74.064,20.964775,520.3235,95.02878,55.36,2.14,8.77,9.55
-81.77589,19.686443,512.90186,101.462326,99.14,3.06,9.98,10.78
-76.962685,14.868755,506.97586,91.831436,99.16,1.8800000000000001,5.14,5.67
-84.81541,25.448723,517.9582,110.26413,40.17,3.68,14.15,15.14
-70.50537,22.335655,525.1275,92.84103,98.87,2.2800000000000002,9.05,9.84
-84.75858,24.899271,516.67194,109.65785,99.13,4.34,15.870000000000001,17.06
-70.16414,31.44294,543.94275,101.60708,36.27,1.71,16.05,16.81
-69.53416,21.616528,519.74066,91.15068,82.53,1.57,6.22,6.74
-75.424446,23.225027,518.29913,98.649475,99.17,3.12,11.76,12.77
-81.92965,25.570906,518.9387,107.50056,99.16,5.73,17.85,18.92
-87.43131,20.939608,509.59692,108.37092,99.17,2.83,9.27,10.24
-84.85909,25.914253,513.0781,110.773346,95.65,2.75,12.38,13.25
-79.79704,20.187305,517.0063,99.984344,99.17,4.69,12.55,13.41
-74.59185,33.992546,540.3404,108.5844,99.17,2.33,22.400000000000002,23.62
-77.20176,21.600842,513.96094,98.8026,99.15,2.16,8.78,9.47
-71.05916,28.350033,533.993,99.409195,99.16,3.41,17.240000000000002,18.09
-72.33948,23.072102,523.47144,95.411575,35.7,2.39,10.15,10.8
-70.44397,32.020676,539.81903,102.464645,62.51,2.37,16.15,17.0
-74.62875,13.926856,504.32663,88.55561,45.68,1.25,3.3200000000000003,3.79
-79.865395,22.762928,515.53406,102.62833,99.17,3.83,12.370000000000001,13.200000000000001
-74.46405,19.905231,521.19226,94.36928,37.34,2.0300000000000002,8.59,9.59
-80.5853,17.564732,513.61926,98.150024,99.17,3.99,10.72,11.67
-78.53795,25.070658,520.0252,103.608604,99.17,4.25,15.49,16.38
-82.59184,29.227152,514.57367,111.81899,99.15,2.43,13.6,14.540000000000001
-73.074455,22.886774,520.91974,95.96123,99.13,2.52,9.790000000000001,10.6
-72.21946,32.812202,541.74603,105.03166,99.17,4.15,22.64,23.75
-77.597565,19.730278,517.82513,97.32784,42.03,2.77,8.96,9.68
-77.5757,31.902678,518.28766,109.47838,99.17,1.93,12.97,13.790000000000001
-76.26949,33.45794,530.5535,109.72743,99.17,4.2,23.22,24.2
-85.623055,30.000551,506.33795,115.623604,99.16,2.0100000000000002,12.93,13.69
-73.612335,18.079447,506.4118,91.69178,43.59,1.32,3.89,4.3500000000000005
-75.311066,30.478529,529.1172,105.7896,49.230000000000004,2.58,16.01,16.82
-74.30053,20.822971,510.0722,95.123505,99.15,1.52,5.55,6.23
-84.1028,24.245686,517.61993,108.34848,53.44,3.93,13.94,14.97
-72.549,29.774755,532.62054,102.32376,79.83,2.48,15.64,16.57
-79.10315,25.013205,521.2148,104.116356,97.04,3.79,15.120000000000001,16.11
-84.612915,26.409601,518.15015,111.022514,99.07000000000001,5.05,17.900000000000002,18.990000000000002
-86.2995,33.079212,517.94037,119.37871,99.14,4.38,20.900000000000002,21.92
-82.70757,23.551945,515.9988,106.25952,99.17,5.24,15.9,17.11
-78.21493,29.678045,525.0704,107.892975,99.15,3.72,18.98,20.01
-71.00227,26.73958,530.6361,97.74185,99.16,3.0300000000000002,14.21,15.200000000000001
-84.0226,28.308622,518.99817,112.33122,99.17,6.74,21.05,22.35
-75.088745,22.987146,519.0465,98.07589,99.15,2.42,9.620000000000001,10.49
-80.53054,11.483064,500.9586,92.0136,99.17,1.94,4.66,5.22
-75.79733,20.831505,519.10547,96.62884,66.76,2.41,9.27,10.120000000000001
-71.73863,25.647526,525.95087,97.386154,99.17,2.41,11.92,12.64
-74.82291,25.768555,519.4852,100.59146,65.08,1.85,9.64,10.34
-82.32794,27.265253,514.54755,109.59319,99.16,3.42,14.22,15.09
-77.66002,28.609953,518.7826,106.26997,99.14,2.72,13.08,13.9
-74.46217,31.839725,529.3124,106.301895,54.2,2.04,13.72,14.55
-79.41973,21.634613,518.0504,101.054344,99.17,5.69,15.18,16.27
-74.05985,28.250715,522.0791,102.31057,99.11,2.15,12.17,12.950000000000001
-75.76469,21.203936,516.58777,96.96862,48.86,2.16,8.19,8.82
-82.09695,19.841505,513.68,101.93845,99.17,4.07,11.27,12.08
-70.66912,29.369047,533.4648,100.03817,36.92,1.94,13.1,13.83
-78.42355,30.021976,525.05646,108.445526,99.17,5.14,21.52,22.67
-78.89865,24.33933,520.49945,103.23798,99.17,4.6000000000000005,15.51,16.53
-72.91524,23.899563,522.1551,96.814804,40.160000000000004,1.83,9.040000000000001,9.77
-76.09652,16.249926,508.67487,92.34644,54.53,1.56,4.54,5.11
-86.56738,21.837893,515.2462,108.40527,68.32000000000001,4.2,12.96,13.97
-74.68813,32.77931,531.9396,107.46744,99.17,3.94,20.13,20.97
-77.73596,28.553637,523.59375,106.2896,99.17,4.29,17.54,18.71
-81.502846,27.058372,517.12256,108.56122,55.65,3.13,13.49,14.31
-73.723335,25.539608,514.2599,99.26294,99.17,1.6400000000000001,8.59,9.17
-85.01221,30.097454,519.77893,115.109665,99.17,6.65,22.31,23.73
-78.648186,24.775116,518.5614,103.4233,99.17,4.9,15.74,16.62
-74.40717,25.781296,515.41046,100.18847,55.18,1.3800000000000001,7.3,7.92
-76.0634,28.620174,522.61694,104.68358,99.17,3.36,16.77,17.62
-74.76339,24.271631,512.0692,99.03502,99.17,1.54,7.9,8.620000000000001
-73.54275,21.532433,508.88757,95.07518,99.16,1.52,5.44,5.97
-74.89862,21.729227,522.2127,96.627846,99.15,3.35,12.0,13.14
-82.634,26.984232,516.21783,109.61823,99.17,3.58,14.43,15.620000000000001
-87.98586,15.781944,501.76346,103.76781,99.17,2.31,5.78,6.51
-72.51832,23.807777,522.4535,96.326096,99.17,2.63,10.9,11.65
-72.37393,25.102497,524.09564,97.476425,99.13,2.25,10.72,11.450000000000001
-81.168434,21.799223,515.699,102.96766,99.15,3.2800000000000002,11.620000000000001,12.64
-85.73479,21.274202,513.6651,107.00899,85.13,3.31,11.3,12.38
-83.89514,24.56194,514.70844,108.45708,98.82000000000001,3.09,12.66,13.530000000000001
-78.79934,22.59487,513.8582,101.39421,41.660000000000004,2.09,8.53,9.200000000000001
-88.01702,28.676584,514.23267,116.6936,89.03,3.36,16.39,17.47
-73.49212,25.733994,525.463,99.22611,91.49,2.27,11.56,12.38
-75.544785,22.827953,519.8614,98.37274,75.35,2.33,10.03,10.92
-74.55399,25.904089,518.80774,100.458084,61.06,1.68,9.09,9.86
-86.60316,29.77376,516.3273,116.376915,48.06,3.81,16.05,17.04
-84.309235,27.038612,516.6424,111.34785,61.14,3.66,14.91,16.01
-74.67727,27.965899,515.8501,102.643166,99.17,1.76,10.28,10.89
-72.86075,27.676231,527.51715,100.53698,49.57,1.84,11.61,12.450000000000001
-88.02423,28.05524,511.3761,116.07947,54.660000000000004,2.71,12.65,13.57
-83.52952,31.831934,522.31647,115.36145,54.82,4.58,20.29,21.59
-71.313156,30.685642,531.5889,101.998795,99.16,2.0300000000000002,13.370000000000001,14.1
-81.037476,27.841698,511.9321,108.87917,99.14,2.07,10.82,11.700000000000001
-81.82016,31.077826,522.6485,112.89799,99.17,6.72,23.94,25.36
-74.004944,33.59695,533.62555,107.6019,99.17,3.45,19.67,20.54
-81.04141,23.50388,509.56985,104.54529,82.92,1.9000000000000001,7.82,8.65
-80.02395,30.156073,515.12805,110.18002,99.17,3.23,14.530000000000001,15.33
-73.53357,31.174715,531.1762,104.70828,99.16,3.2600000000000002,19.080000000000002,19.900000000000002
-87.146355,25.074406,514.1228,112.220764,99.17,4.89,15.18,16.330000000000002
-72.319084,21.645452,516.95593,93.96454,99.16,1.83,7.76,8.58
-77.44586,25.56257,519.46735,103.00843,57.84,2.0,11.08,11.9
-77.90443,24.683014,513.6429,102.58744,99.17,2.34,10.870000000000001,11.71
-76.78718,22.02091,519.5456,98.80809,40.9,2.5300000000000002,10.38,11.17
-74.96037,26.4323,526.0887,101.39267,99.13,3.18,15.21,16.34
-85.08702,12.609511,504.69904,97.69653,65.2,2.24,5.26,5.84
-79.044556,28.065208,515.645,107.109764,99.17,2.9,13.76,14.540000000000001
-78.09143,26.753944,516.0996,104.845375,99.17,2.67,11.65,12.42
-82.63704,22.987988,516.5851,105.62503,52.6,3.22,12.23,13.09
-79.183716,31.01136,525.9147,110.195076,48.02,2.34,18.44,19.51
-80.18103,31.249382,524.38916,111.43041,99.17,5.86,22.6,23.78
-72.15996,25.933638,525.1147,98.0936,99.06,2.85,11.83,12.51
-81.93547,27.509413,519.1758,109.444885,99.05,4.54,17.330000000000002,18.51
-80.87033,19.253063,509.49512,100.1234,99.17,2.96,8.870000000000001,9.63
-80.20987,25.402502,511.70645,105.61237,57.46,1.86,8.76,9.61
-84.61191,21.67952,511.45105,106.29143,59.78,2.73,9.78,10.56
-84.62937,28.4745,518.2354,113.103874,99.17,5.83,18.93,20.09
-81.7288,32.731422,526.64417,114.46022,99.16,4.57,26.21,27.86
-76.33718,31.977072,527.8043,108.314255,55.44,1.9100000000000001,15.47,16.42
-73.483536,21.941574,520.661,95.42511,41.1,2.12,8.6,9.24
-80.541534,32.086903,524.63007,112.62843,45.3,3.37,19.86,21.0
-74.76452,21.77413,518.9168,96.53865,59.730000000000004,2.65,9.44,10.11
-72.33131,27.037113,527.7605,99.36842,98.95,1.98,11.98,12.74
-73.26493,24.136494,517.6596,97.40143,99.16,1.73,8.65,9.36
-73.87257,31.482721,534.9339,105.355286,81.72,2.4,19.150000000000002,20.18
-81.09483,24.740717,511.3783,105.83555,99.17,2.79,11.26,12.23
-80.39553,22.380795,506.85382,102.77632,99.16,2.02,8.11,8.790000000000001
-70.736206,28.85603,536.6484,99.59224,75.89,1.9000000000000001,14.25,15.23
-86.1513,28.771376,517.309,114.922676,99.17,6.49,20.64,21.97
-72.74455,22.137197,517.8204,94.88175,99.17,2.14,8.53,9.34
-78.24602,31.538713,519.6389,109.78473,99.16,2.45,14.73,15.72
-73.72934,26.687162,529.4415,100.416504,69.25,2.7800000000000002,15.530000000000001,16.52
-84.62215,30.44932,521.83356,115.071465,57.01,4.67,20.82,22.150000000000002
-70.20903,17.865555,510.5526,88.074585,99.14,1.33,4.05,4.55
-84.629166,29.350899,519.5785,113.980064,99.14,5.3500000000000005,21.19,22.54
-72.16713,30.391815,526.7359,102.558945,84.27,1.72,11.61,12.34
-73.40573,28.930925,527.755,102.336655,44.86,1.72,11.73,12.55
-78.15054,22.272135,509.387,100.422676,99.17,1.92,7.57,8.38
-73.47436,21.473246,522.88055,94.9476,36.22,2.18,8.72,9.47
-73.79117,31.521051,535.76306,105.31222,60.86,1.87,16.25,17.18
-78.222,32.117115,519.17285,110.33911,73.07000000000001,1.96,13.56,14.290000000000001
-78.120384,24.776352,517.43726,102.896736,67.97,1.97,10.31,11.21
-82.62755,13.06764,511.99603,95.69519,50.03,2.47,6.6000000000000005,7.46
-75.00994,17.094437,517.183,92.10438,99.15,2.56,8.6,9.49
-83.27527,22.01766,517.8911,105.29293,99.17,4.99,15.19,16.64
-75.01151,24.393019,520.76794,99.40453,39.65,2.19,9.73,10.52
-72.93515,31.642923,535.70233,104.57807,99.16,3.49,20.61,21.580000000000002
-71.370056,20.86922,522.91144,92.23927,33.31,1.75,7.43,8.25
-82.99221,29.470211,521.6391,112.46242,78.36,4.0600000000000005,18.26,19.47
-85.738976,32.577457,517.28143,118.31644,99.13,3.29,19.66,20.79
-72.653755,21.778414,521.8778,94.43217,99.16,2.7600000000000002,10.94,11.91
-80.48888,29.87036,522.98236,110.35924,99.17,4.72,20.490000000000002,21.46
-80.72908,25.705656,514.31995,106.43474,70.53,2.22,10.19,11.120000000000001
-77.00912,19.221964,516.28754,96.23108,99.12,2.99,9.63,10.44
-72.35566,29.529795,525.6651,101.88545,73.51,1.45,10.67,11.32
-72.39002,29.408417,526.9926,101.79844,69.12,1.55,11.31,12.09
-83.60989,30.847456,519.8054,114.45735,99.15,4.98,20.82,21.92
-78.37505,12.497792,507.36334,90.87285,99.17,2.08,5.4,5.97
-76.46607,26.351603,511.81757,102.81767,99.14,1.54,7.73,8.44
-76.04286,25.060915,520.39685,101.103775,99.14,2.91,11.72,12.450000000000001
-76.33228,24.95434,518.17316,101.28662,99.17,2.64,11.58,12.33
-79.77957,16.4814,512.7354,96.26097,99.17,2.64,8.040000000000001,8.950000000000001
-74.40037,32.107624,525.75305,106.507996,99.17,2.21,14.81,15.75
-74.22444,22.378937,522.08307,96.60338,35.48,2.33,9.91,10.59
-71.58209,22.405432,521.6181,93.987526,99.17,2.04,9.4,10.28
-77.32774,32.48374,529.54285,109.811485,43.81,2.5500000000000003,18.84,19.8
-84.63881,24.310078,516.3681,108.94888,63.22,3.73,14.69,15.65
-85.33887,30.74946,515.9162,116.088326,67.24,2.49,15.11,16.14
-78.7683,26.38391,522.4221,105.152214,99.17,4.45,17.490000000000002,18.54
-87.92682,24.81014,509.3238,112.73696,99.17,3.84,13.18,14.09
-71.271996,25.685595,516.30084,96.95759,99.16,1.28,6.91,7.49
-73.67227,31.173601,531.342,104.84587,99.17,2.5300000000000002,17.44,18.46
-83.967125,22.5123,507.33844,106.47942,71.81,1.9000000000000001,7.88,8.700000000000001
-79.3427,29.312096,517.0817,108.65479,99.13,2.54,13.34,14.120000000000001
-71.61721,30.601604,532.0649,102.21881,99.17,1.85,14.51,15.3
-74.4491,18.218105,515.6862,92.667206,72.54,1.99,6.91,7.62
-87.10911,32.24019,519.0464,119.3493,53.08,4.24,19.990000000000002,21.35
-84.59023,19.081408,505.64117,103.67164,99.15,2.5100000000000002,7.390000000000001,8.06
-74.30325,14.342665,510.71854,88.64592,93.6,1.61,4.71,5.37
-84.583145,26.965296,511.1494,111.54844,99.16,2.64,12.85,13.84
-83.52945,27.025011,516.79736,110.55446,99.17,4.65,15.5,16.6
-83.79244,28.785126,519.7567,112.57757,99.17,4.82,19.77,20.990000000000002
-81.61619,28.492788,516.47797,110.10898,99.17,3.15,14.98,15.88
-77.68642,31.360672,520.01996,109.04709,99.16,2.32,15.42,16.18
-72.33919,25.771461,528.0305,98.11065,99.17,3.94,14.38,15.39
-74.749176,22.674774,509.80432,97.42395,54.63,1.41,5.65,6.18
-79.31374,32.751083,527.2155,112.06483,44.97,3.5,21.17,22.28
-75.196686,29.574072,530.4035,104.77076,99.17,3.24,18.55,19.62
-74.46744,32.343277,527.30536,106.810715,62.56,1.6300000000000001,13.36,14.16
-86.54898,24.731327,513.4265,111.280304,56.480000000000004,3.18,12.4,13.59
-82.88723,31.57626,520.8338,114.463486,99.17,4.04,21.06,22.080000000000002
-72.39916,23.467821,524.4846,95.86698,37.660000000000004,2.46,10.22,10.99
-74.83741,25.39887,523.1266,100.23628,62.11,2.74,12.9,13.63
-80.229416,26.898104,518.50195,107.12752,72.94,2.92,14.64,15.46
-84.06094,26.09556,513.1622,110.1565,99.13,2.62,12.9,13.790000000000001
-78.134674,17.307144,510.86838,95.44182,53.480000000000004,1.99,6.0600000000000005,6.66
-87.767944,24.169289,512.8274,111.93723,85.78,3.3200000000000003,13.13,14.27
-82.50315,25.162096,518.1235,107.665245,99.17,6.71,19.66,20.73
-80.567566,17.405462,512.1772,97.97303,98.81,2.67,7.8100000000000005,8.51
-86.37181,27.539791,506.16284,113.911606,99.17,2.8000000000000003,13.26,14.06
-70.057945,32.927082,544.6012,102.98503,99.16,4.55,20.39,21.42
-75.04934,28.596178,528.13776,103.645515,64.01,2.05,14.23,15.280000000000001
-73.33194,25.57445,513.20123,98.90639,99.17,1.3800000000000001,7.55,8.16
-73.68249,23.854836,515.5509,97.53732,84.81,1.49,7.17,7.76
-81.85005,27.881033,518.6259,109.73109,77.95,2.97,14.86,15.98
-77.25928,29.216724,514.279,106.476,50.910000000000004,1.6,10.13,10.78
-79.39827,24.416157,513.3047,103.81442,56.96,2.06,9.27,9.93
-80.18464,19.618378,515.8542,99.80302,67.62,3.56,10.58,11.36
-82.60867,32.151585,522.36456,114.760254,99.17,7.28,24.76,26.05
-77.536125,24.434847,516.35266,101.97097,99.17,2.86,11.91,12.71
-73.39761,21.516783,522.26495,94.9144,45.88,2.35,9.53,10.38
-83.79358,29.893068,521.87274,113.686646,60.09,3.99,19.96,21.240000000000002
-85.11058,31.52682,518.5587,116.6374,99.17,4.26,18.900000000000002,19.94
-81.27402,25.402302,517.9248,106.676315,74.24,3.15,12.94,13.9
-86.59515,25.478445,507.8106,112.0736,99.15,2.36,10.13,10.94
-85.83857,28.133749,519.04974,113.97232,55.980000000000004,4.15,17.35,18.57
-79.80447,27.372389,521.2463,107.17686,99.17,4.8500000000000005,18.35,19.68
-87.9588,28.087738,510.42892,116.04654,99.17,3.68,14.88,15.81
-71.11049,34.191795,540.4748,105.302284,85.93,2.29,17.34,18.09
-81.908554,16.285713,514.7618,98.19427,99.17,4.3100000000000005,11.02,12.01
-70.916466,28.758524,530.6487,99.67499,99.14,1.82,11.620000000000001,12.35
-85.017715,25.317081,507.80832,110.33479,99.17,2.95,11.8,12.61
-79.48968,26.686747,517.98804,106.17642,99.16,2.81,12.77,13.69
-78.14486,25.421543,517.79364,103.56641,99.14,2.54,12.86,13.74
-73.35322,25.392221,519.827,98.74544,99.15,1.81,9.38,10.13
-75.33257,18.10441,518.342,93.43698,63.15,2.7,8.73,9.41
-71.741974,20.935635,522.2178,92.67761,99.16,2.88,10.75,11.52
-80.59493,25.549479,518.4098,106.14441,76.61,3.39,14.39,15.27
-74.62835,23.974743,518.65125,98.60309,99.17,3.2800000000000002,11.69,12.530000000000001
-86.23132,28.268196,512.32196,114.49952,99.17,4.05,16.41,17.41
-84.691154,14.744043,515.59546,99.435196,55.160000000000004,3.65,9.67,10.72
-83.57105,16.728224,514.3685,100.29928,99.17,4.8,11.77,12.64
-84.18536,23.452444,517.38074,107.63781,99.17,4.45,14.74,16.02
-80.75101,29.919262,518.4278,110.67027,99.17,2.95,15.17,16.22
-85.675095,28.03633,506.8572,113.711426,61.56,1.78,10.44,11.14
-86.21446,30.27902,510.6784,116.493484,99.17,3.94,15.700000000000001,16.580000000000002
-72.87367,15.433477,508.27667,88.30715,99.15,1.53,4.39,4.8500000000000005
-71.750694,30.495089,534.0147,102.24578,99.16,2.75,16.2,17.04
-78.18598,16.874594,505.87817,95.06058,67.85,1.6500000000000001,4.75,5.32
-83.59499,22.837366,517.7383,106.43236,66.12,3.68,13.61,14.76
-75.31015,27.734015,523.4849,103.04417,99.16,4.66,16.03,16.830000000000002
-76.32545,26.44471,518.927,102.77016,99.17,2.16,12.06,12.83
-74.54421,19.089722,518.4624,93.633934,99.17,3.25,9.66,10.38
-80.01935,24.819181,520.8629,104.83853,66.86,3.45,14.36,15.46
-77.07816,30.131056,518.79395,107.20922,99.16,2.57,14.88,15.66
-75.519325,26.98074,513.7152,102.50006,99.16,1.82,9.49,10.14
-82.26379,30.413216,515.95795,112.677,99.17,3.22,16.9,17.740000000000002
-86.251564,31.765726,519.62665,118.01729,99.17,5.98,24.75,26.23
-83.77228,34.328815,521.1632,118.10109,99.17,4.82,23.07,24.18
-73.895615,30.463184,529.04376,104.358795,99.17,4.13,19.0,19.91
-73.90512,30.392033,523.81525,104.29715,99.15,2.17,13.52,14.31
-78.62067,25.87523,521.7701,104.495895,59.45,3.21,14.66,15.48
-72.78756,26.608677,520.9677,99.39624,99.17,2.19,11.39,12.14
-82.897125,26.568686,506.70004,109.46581,99.17,2.35,10.59,11.4
-71.03181,29.949686,537.28284,100.98149,99.17,4.11,19.34,20.54
-82.90958,24.75715,507.5908,107.666725,99.17,2.0100000000000002,9.5,10.24
-74.234245,18.393818,518.5287,92.62807,47.15,2.39,8.11,8.76
-83.09998,19.194351,509.37585,102.294334,99.14,2.64,8.53,9.35
-71.25576,21.14003,522.2028,92.39579,75.72,2.02,8.17,8.84
-84.33792,22.644867,517.69934,106.98279,99.15,4.64,14.66,15.700000000000001
-84.05141,27.26653,518.6087,111.31793,44.0,3.54,14.5,15.58
-75.840065,23.955322,521.4191,99.79539,47.22,3.0700000000000003,12.64,13.41
-72.18201,30.422083,533.8675,102.60409,99.17,4.13,20.25,21.14
-75.08253,18.006863,507.68405,93.089386,99.17,1.7,5.48,6.09
-85.267975,15.051468,510.1533,100.31944,99.13,2.71,7.49,8.44
-75.99222,31.627104,531.7491,107.61932,97.02,3.41,20.5,21.62
-72.92351,29.38329,534.9195,102.30679,46.21,1.82,15.08,16.080000000000002
-74.19456,32.508286,537.03796,106.70284,60.53,2.48,19.330000000000002,20.48
-70.08788,28.214197,532.5548,98.30208,99.16,2.2,13.370000000000001,14.11
-74.05362,19.310587,505.4854,93.364204,99.16,1.51,4.7700000000000005,5.29
-85.12359,22.561382,504.69894,107.68497,83.42,1.86,7.42,8.14
-85.11344,14.785237,504.13638,99.89868,99.17,2.91,7.24,7.92
-79.87649,27.471817,516.91003,107.348305,61.56,2.42,12.76,13.56
-84.74495,22.324823,516.28064,107.06977,98.79,4.8500000000000005,14.450000000000001,15.56
-73.53346,30.879795,530.2486,104.41325,50.89,1.94,13.33,14.27
-71.418335,19.86399,521.57477,91.282326,29.46,1.97,7.01,7.6000000000000005
-78.75439,14.307246,514.86945,93.06163,32.2,2.07,6.57,7.57
-82.24615,17.583769,511.02673,99.82992,59.32,2.27,6.99,7.8500000000000005
-79.50268,20.503473,510.99252,100.00615,99.17,2.59,9.17,10.03
-82.55867,23.457905,513.6754,106.01657,45.81,2.46,10.99,11.78
-72.56612,16.092283,514.69415,88.6584,32.8,1.45,4.72,5.4
-77.83703,27.169796,521.1081,105.00682,99.17,3.74,15.5,16.580000000000002
-79.21898,19.125055,510.68793,98.34403,99.17,2.96,8.63,9.32
-80.4086,30.014729,512.0182,110.423325,99.06,1.86,11.66,12.450000000000001
-84.66737,28.312761,519.5488,112.98013,99.17,6.87,20.19,21.53
-78.65873,20.316872,508.0773,98.9756,99.17,2.0,7.5200000000000005,8.32
-73.875565,16.371124,510.7259,90.24669,99.15,1.58,5.11,5.8500000000000005
-78.39828,31.918657,526.18933,110.31693,67.31,4.71,21.5,22.580000000000002
-72.87457,27.656155,521.7376,100.53073,99.17,1.97,10.81,11.64
-71.78577,29.48386,523.17755,101.26962,99.14,1.25,9.82,10.47
-85.72895,21.509832,516.49097,107.238785,99.17,5.95,16.21,17.61
-77.24992,26.560816,518.5854,103.81074,99.17,2.19,12.19,13.13
-71.57658,20.953672,520.758,92.53025,53.5,1.9100000000000001,7.38,7.99
-77.28837,27.521248,523.6208,104.809616,64.05,3.9,15.8,16.68
-82.41335,18.299,514.97186,100.71236,99.17,4.3100000000000005,12.36,13.6
-70.64882,21.783554,523.9905,92.43237,99.15,2.06,8.68,9.52
-74.08945,26.776506,522.1625,100.86595,99.17,1.78,10.450000000000001,11.290000000000001
-74.87977,29.06569,521.41486,103.94546,66.31,1.96,11.74,12.450000000000001
-81.62206,27.928453,514.50726,109.550514,44.04,2.02,12.61,13.42
-85.23805,17.876133,516.404,103.11418,38.36,3.7800000000000002,10.57,11.65
-73.83514,26.999346,526.97705,100.83448,99.17,2.75,14.77,15.72
-80.44812,25.439392,519.83484,105.88751,59.5,3.42,13.75,14.870000000000001
-82.062164,28.044643,520.56573,110.10681,80.18,3.68,16.830000000000002,17.95
-84.15621,18.863537,514.9149,103.019745,99.17,5.74,13.11,14.15
-86.27239,16.491299,511.0899,102.76369,99.17,4.59,11.05,11.950000000000001
-69.603775,27.540827,533.5006,97.1446,99.16,3.5300000000000002,14.620000000000001,15.47
-73.80262,23.38791,519.5644,97.19053,99.17,3.3000000000000003,11.700000000000001,12.39
-72.921135,28.63782,529.0764,101.55895,99.16,2.94,14.88,15.83
-73.192795,21.488321,518.2174,94.681114,99.17,2.45,8.48,9.15
-80.68289,29.699718,523.60114,110.382614,55.19,3.1,17.53,18.7
-77.89596,18.27299,514.2519,96.168945,99.17,3.21,9.76,10.78
-70.63605,18.049578,519.37726,88.68562,60.7,1.6400000000000001,5.89,6.65
-81.25067,22.706816,515.10297,103.95749,37.660000000000004,2.4,10.63,11.450000000000001
-78.63554,15.261202,509.79114,93.896736,99.16,2.34,6.53,7.19
-81.62707,31.545984,516.83813,113.17305,99.17,2.95,15.620000000000001,16.65
-84.66028,21.93678,512.6739,106.59706,99.17,3.93,11.47,12.450000000000001
-82.24409,17.745392,512.94,99.98948,99.17,3.79,10.31,11.22
-75.071884,26.6492,522.2374,101.721085,99.16,3.44,15.3,16.12
-81.3033,28.11348,515.75446,109.41678,99.17,3.5,16.13,17.04
-79.909164,28.922867,519.04675,108.83203,99.16,3.18,15.18,16.26
-76.24574,24.301699,518.4775,100.54744,99.17,3.87,13.36,14.16
-80.8942,19.018324,518.1376,99.91253,33.46,2.97,10.8,11.9
-73.38661,27.78634,525.1565,101.17295,46.53,1.72,10.21,10.98
-72.44257,32.039314,539.1732,104.48189,46.7,2.7800000000000002,18.44,19.66
-85.69472,24.021173,513.3563,109.71589,99.16,3.96,13.43,14.540000000000001
-71.05234,24.872066,526.541,95.92441,99.13,3.0300000000000002,12.61,13.280000000000001
-74.50468,31.059362,525.61523,105.56404,99.17,2.0300000000000002,14.780000000000001,15.56
-78.35816,25.109549,518.4056,103.46771,99.17,4.38,13.74,14.68
-88.17257,26.057756,508.00983,114.23032,99.17,3.29,12.8,13.790000000000001
-75.84778,29.798212,524.6694,105.64599,51.410000000000004,1.82,14.44,15.21
-85.97923,26.336857,506.55234,112.316086,99.15,1.99,10.47,11.36
-85.05924,19.732206,508.33313,104.79145,99.17,2.61,8.52,9.39
-86.48978,10.220201,506.6783,96.70998,99.17,2.75,6.2700000000000005,7.08
-72.854515,29.73327,532.95844,102.58778,99.17,2.7,15.55,16.6
-78.71389,18.9418,511.86505,97.655685,48.75,1.79,6.47,7.2700000000000005
-72.79383,25.444195,526.1459,98.23802,99.17,4.5600000000000005,15.700000000000001,16.73
-77.405624,28.370941,526.19305,105.776566,43.42,2.8000000000000003,16.84,17.78
-83.44034,21.90709,513.0523,105.34743,69.7,3.09,10.09,10.89
-85.75602,29.782818,516.4978,115.53883,99.17,5.69,20.61,21.98
-73.4797,25.699686,519.6023,99.17938,42.36,1.51,8.88,9.48
-82.95602,20.227316,515.9055,103.183334,99.17,5.0200000000000005,14.3,15.67
-81.2169,32.415302,525.7279,113.6322,73.82000000000001,4.19,23.85,25.150000000000002
-82.673805,17.064642,513.3471,99.73845,99.17,3.39,9.84,10.82
-75.17835,26.912436,521.0895,102.09079,99.16,2.59,13.39,14.22
-74.35639,30.800905,518.8163,105.157295,94.21000000000001,1.55,10.92,11.540000000000001
-69.76752,27.61382,530.9321,97.38133,84.82000000000001,2.54,12.71,13.38
-73.668625,27.57477,525.2336,101.24339,99.17,2.49,13.68,14.57
-85.345146,31.754242,513.3526,117.09939,99.11,2.61,15.39,16.46
-71.65772,32.24159,532.62274,103.89931,98.99,2.24,15.16,15.9
-76.17708,21.786867,512.68304,97.96394,99.16,2.41,8.56,9.22
-71.597305,30.361864,532.8405,101.95917,99.16,3.91,17.36,18.11
-86.29566,30.751446,510.3324,117.047104,99.17,3.42,16.32,17.29
-75.35196,22.076937,517.8998,97.428894,99.17,3.94,12.81,13.530000000000001
-76.6469,32.65332,529.09204,109.30022,99.17,4.0600000000000005,21.86,23.12
-88.817665,20.352493,503.88138,109.17016,95.61,2.38,7.37,8.21
-81.16168,23.559074,516.6802,104.72076,43.84,3.35,12.370000000000001,13.24
-72.07681,26.95426,525.3997,99.031075,99.15,2.15,11.59,12.46
-84.96352,13.043972,513.87665,98.00749,99.15,3.79,9.33,10.34
-70.56121,20.756742,524.64844,91.317955,99.17,2.59,9.51,10.43
-79.62345,15.887959,514.3192,95.51141,99.15,3.38,9.09,9.88
-83.10721,16.959393,515.73505,100.066605,55.08,3.44,9.8,10.86
-73.90789,22.549044,518.0688,96.45693,99.12,2.44,9.44,10.07
-75.205315,28.933975,528.1772,104.13929,99.16,4.23,17.0,18.06
-80.001945,28.214758,517.1271,108.216705,83.52,2.18,13.49,14.280000000000001
-78.99976,30.160295,516.11456,109.16006,78.86,2.12,12.68,13.48
-76.47848,31.241146,526.80066,107.71962,64.04,2.3000000000000003,16.6,17.57
-76.09388,27.540564,514.3903,103.634445,97.07000000000001,1.43,8.96,9.63
-72.55297,22.499247,521.0211,95.052216,52.1,1.84,8.48,9.13
-71.942955,28.825838,522.28235,100.76879,99.17,1.54,10.82,11.49
-69.10036,29.143164,536.69836,98.24352,32.18,2.09,12.18,12.82
-80.26622,20.04273,507.77664,100.30895,58.910000000000004,1.72,6.13,6.82
-81.64035,20.245085,504.57364,101.88544,99.17,2.07,7.33,7.98
-85.307236,33.665325,520.5729,118.972565,99.17,4.64,23.43,24.57
-75.37183,24.455166,522.8318,99.826996,99.17,4.11,14.25,15.36
-84.09696,29.081226,518.97327,113.17819,99.16,4.12,18.19,19.32
-87.81633,22.775208,509.20822,110.59154,99.15,2.7800000000000002,10.18,11.17
-78.3977,25.442533,521.1141,103.84023,99.17,5.42,16.23,17.38
-82.86322,24.255787,515.9878,107.119,99.17,4.91,15.370000000000001,16.5
-77.56211,15.830039,507.8145,93.39215,99.17,2.0100000000000002,5.96,6.71
-70.13206,29.284348,530.0513,99.416405,99.17,2.2,12.700000000000001,13.38
-74.67761,24.390163,523.32697,99.06778,43.01,2.05,10.51,11.49
-84.22742,26.500126,518.4504,110.72754,99.17,4.64,16.39,17.51
-81.856606,32.05774,517.03,113.914345,99.17,3.74,16.990000000000002,17.990000000000002
-77.31507,20.093683,517.10394,97.40875,31.86,2.34,8.290000000000001,9.040000000000001
-80.73391,23.967484,510.22812,104.70139,99.17,2.72,10.32,11.14
-71.76889,27.905632,530.35925,99.67452,93.18,3.19,14.89,15.74
-77.15861,22.001955,515.2181,99.16056,46.86,1.85,7.7,8.46
-83.64705,30.255844,521.8135,113.90289,50.58,3.41,20.37,21.59
-80.91723,19.950792,514.31946,100.86802,99.09,3.12,10.53,11.3
-80.36298,23.385975,519.04254,103.74896,85.4,4.08,13.33,14.35
-71.8838,18.753534,520.33264,90.63733,58.61,1.99,7.3,8.07
-76.004585,26.90807,511.65958,102.91266,99.15,1.72,8.68,9.3
-78.17763,22.616903,519.92834,100.79453,54.08,3.49,11.88,12.74
-76.67811,21.80793,511.44736,98.48604,99.17,2.29,8.61,9.35
-78.49087,28.642845,523.4667,107.13371,99.16,3.97,18.3,19.3
-79.4257,27.172361,521.0137,106.59806,49.14,3.69,16.1,17.06
-83.916084,24.911453,514.5238,108.82754,99.14,3.2800000000000002,13.92,14.91
-83.42914,29.337595,519.3904,112.76673,99.16,5.2700000000000005,18.47,19.56
-79.26399,30.484812,525.7141,109.7488,99.15,4.04,20.650000000000002,21.95
-74.62971,24.173231,519.51337,98.80294,79.09,1.8800000000000001,9.27,10.040000000000001
-85.026474,30.583412,516.73035,115.609886,99.15,3.75,18.0,19.150000000000002
-72.52447,23.759043,525.76886,96.28351,37.88,2.19,10.200000000000001,10.96
-72.61889,25.926172,518.749,98.54506,99.16,1.42,8.03,8.76
-69.96942,16.108799,516.30475,86.07822,92.94,1.78,5.19,5.7
-75.15979,16.19968,516.8825,91.35947,46.09,2.12,6.75,7.55
-81.95264,25.967693,512.65283,107.920334,99.17,2.31,11.36,12.17
-77.89665,32.375942,517.0394,110.2726,99.17,2.29,14.370000000000001,15.22
-70.348976,30.346863,541.51324,100.69584,33.56,1.92,17.04,17.87
-78.57488,30.661263,523.06256,109.236145,99.16,4.75,19.07,20.14
-81.29645,27.992373,513.32434,109.28882,99.17,2.8000000000000003,13.700000000000001,14.49
-87.429146,33.11049,514.8122,120.539635,98.37,3.2600000000000002,18.68,19.87
-78.062294,27.920855,511.25238,105.98315,99.15,1.7,9.47,10.200000000000001
-74.50684,13.337757,504.56924,87.844604,55.62,1.34,3.43,3.85
-73.89404,24.727364,520.0422,98.62141,89.74,2.24,9.58,10.31
-80.0559,25.258596,518.03735,105.3145,99.17,4.64,15.6,16.87
-77.24389,28.927904,523.13617,106.17179,97.52,3.35,16.55,17.490000000000002
-73.38726,30.651218,533.4321,104.03848,99.16,4.39,18.48,19.56
-76.64972,24.85606,522.46655,101.50578,98.41,3.15,13.74,14.61
-76.49464,30.56084,525.1231,107.05548,99.17,3.38,16.42,17.44
-87.960686,25.08269,505.40286,113.04337,99.17,2.95,10.41,11.26
-80.06972,29.126505,524.1743,109.19622,42.62,3.1,18.12,19.1
-83.09166,26.22079,517.4564,109.312454,99.16,4.29,15.26,16.16
-79.33916,29.26349,524.4866,108.602646,99.17,4.82,19.91,21.18
-78.8925,29.862175,525.44434,108.75468,99.17,5.53,20.48,21.78
-76.29991,25.09445,521.32996,101.39436,99.16,4.33,15.24,16.05
-88.08832,33.6551,517.7141,121.74342,99.17,4.8500000000000005,22.43,23.77
-73.239334,13.777489,507.80145,87.01682,43.93,1.36,3.58,4.01
-81.49233,27.519833,516.0317,109.01216,99.17,4.11,15.67,16.77
-81.144875,32.17491,524.3698,113.319786,60.38,4.44,20.42,21.55
-84.21591,22.779287,507.65228,106.9952,99.16,2.37,9.0,9.8
-88.33242,26.483673,510.0155,114.81609,99.17,4.2,15.040000000000001,16.25
-76.64502,25.615038,523.2584,102.260056,48.08,2.42,12.44,13.36
-77.64644,35.68164,531.86816,113.32808,99.17,6.21,26.580000000000002,27.87
-74.14107,21.608856,516.5677,95.74992,39.02,1.7,7.11,7.69
-81.52164,26.474094,520.60815,107.99573,95.63,4.41,17.13,18.51
-75.20603,22.483784,522.19,97.68982,48.88,2.98,11.09,11.98
-78.662766,21.69746,514.31586,100.36023,39.63,1.87,7.5,8.27
-86.10786,22.312675,516.2501,108.42053,99.17,7.09,17.09,18.3
-82.2324,30.745903,520.8925,112.9783,99.17,4.13,19.78,20.98
-75.00775,30.524635,519.4549,105.53239,99.17,1.43,11.86,12.59
-79.397736,26.702406,521.7521,106.10014,97.75,3.91,15.68,16.59
-84.834114,22.510248,517.74,107.34436,41.08,4.13,13.450000000000001,14.620000000000001
-75.83225,20.333998,519.30914,96.16625,99.17,3.72,12.14,13.13
-73.41949,22.708408,517.253,96.1279,99.15,2.3000000000000003,8.73,9.38
-75.31115,30.817438,532.1548,106.128586,39.45,2.16,18.22,19.09
-85.98678,30.481247,513.8242,116.468025,65.5,2.74,14.97,15.860000000000001
-73.81021,28.765015,523.26154,102.575226,98.05,2.0300000000000002,12.32,13.040000000000001
-77.21114,17.962727,511.33377,95.173874,99.15,1.99,6.41,7.23
-81.0484,30.484262,524.8379,111.53266,42.01,3.3000000000000003,20.89,22.16
-84.57257,26.57827,518.9236,111.15084,56.4,4.3500000000000005,17.81,18.990000000000002
-76.82843,15.77314,510.71277,92.60157,99.14,1.9100000000000001,5.84,6.59
-73.983116,22.167093,518.46484,96.15021,99.16,3.0300000000000002,10.11,10.77
-81.3268,10.28342,502.84653,91.610214,99.17,1.95,4.61,5.2
-80.04255,28.054096,520.20593,108.09665,89.22,2.6,14.27,15.27
-86.2167,17.725304,506.48795,103.942,99.16,2.57,7.7700000000000005,8.66
-84.32328,27.386444,514.308,111.709724,99.17,3.87,16.03,16.95
-71.50932,27.43215,522.1431,98.941475,99.17,1.47,9.39,9.98
-82.2475,17.409908,502.74744,99.65741,90.99,1.72,5.0200000000000005,5.68
-78.30248,33.916714,527.5849,112.21919,99.17,2.7600000000000002,21.69,22.650000000000002
-77.1798,31.489635,528.385,108.66943,99.16,2.75,18.740000000000002,19.71
-86.01663,18.207516,506.0343,104.22415,99.17,3.24,9.17,10.0
-77.547844,26.920258,522.28503,104.4681,99.17,5.7700000000000005,17.93,19.04
-80.17483,27.833546,516.6511,108.00838,45.410000000000004,2.52,12.77,13.57
-70.216125,21.049171,525.39124,91.2653,49.84,2.05,8.1,8.81
-78.50426,26.81903,520.1188,105.32329,99.17,5.55,17.47,18.34
-79.061356,29.447535,521.7969,108.50889,99.17,4.58,18.36,19.25
-77.959625,30.447935,527.39514,108.40756,89.34,3.38,19.580000000000002,20.580000000000002
-73.20945,27.69931,518.30756,100.90876,99.17,1.6600000000000001,10.31,10.92
-76.92082,29.159452,516.09595,106.08028,99.17,2.05,12.81,13.63
-71.34412,15.883905,510.0505,87.22802,98.61,1.42,4.07,4.5200000000000005
-69.94521,28.555853,537.89404,98.50107,98.93,2.14,14.49,15.290000000000001
-77.5055,20.718235,506.59,98.22374,99.14,1.73,6.03,6.6000000000000005
-87.20569,19.801613,513.0646,107.0073,99.17,5.67,14.030000000000001,15.450000000000001
-86.818794,27.678848,510.61087,114.49764,86.03,2.42,12.42,13.39
-73.13654,32.218174,537.3945,105.35472,62.64,2.27,17.12,18.06
-74.6538,27.493292,525.12006,102.147095,56.9,2.45,13.5,14.23
-77.11417,31.710117,525.4888,108.82428,99.16,2.06,15.67,16.67
-74.030945,27.637074,521.15735,101.668015,99.16,2.15,10.75,11.56
-71.438255,26.17773,519.9552,97.61598,99.16,1.47,8.620000000000001,9.26
-77.089584,24.196218,520.5151,101.285805,99.17,4.61,14.67,15.540000000000001
-84.026596,30.017143,516.49457,114.04374,99.15,3.0300000000000002,16.21,17.16
-77.274536,29.507818,522.26666,106.78236,99.17,3.96,17.68,18.66
-87.79706,28.53426,508.7641,116.331314,99.17,2.43,13.18,14.06
-81.3557,21.31973,507.90732,102.67543,99.16,2.15,7.55,8.35
-71.41232,12.984538,507.13025,84.39686,37.09,1.17,3.06,3.49
-76.55781,28.988081,522.724,105.54589,99.17,3.7600000000000002,15.790000000000001,16.67
-81.71601,27.702236,512.24854,109.41824,63.09,1.87,11.26,12.01
-82.57682,32.581085,520.79266,115.157906,99.17,4.8100000000000005,21.990000000000002,23.19
-85.40426,29.02231,518.3295,114.42657,99.17,6.0600000000000005,19.89,21.2
-80.408676,25.597084,509.67743,106.00576,99.15,1.79,9.040000000000001,9.75
-80.17909,28.450193,510.25797,108.62929,99.17,2.0,11.42,12.27
-73.64746,25.714087,523.8709,99.36155,94.13,2.05,10.67,11.52
-74.86749,25.73341,520.2873,100.60091,54.38,2.0,10.06,10.73
-79.183685,20.53897,516.99194,99.72266,34.76,2.52,9.19,9.9
-78.84844,28.97683,525.43005,107.82527,49.65,3.35,18.69,19.84
-84.58655,19.643599,514.4651,104.23015,49.55,3.3000000000000003,10.56,11.63
-77.53896,22.386408,507.72772,99.92537,99.17,1.84,7.5,8.120000000000001
-76.79793,33.87984,529.4659,110.677765,47.63,3.17,20.22,21.13
-77.841835,20.764696,516.3231,98.60653,36.43,2.12,8.25,8.96
-79.558525,15.849012,504.6251,95.40754,99.15,1.9000000000000001,5.29,5.88
-80.26612,24.434769,515.0887,104.70089,99.17,3.52,13.540000000000001,14.41
-73.57502,25.468594,524.528,99.04361,99.17,2.6,12.49,13.26
-70.049255,22.71361,524.45215,92.76286,99.16,3.21,11.06,11.67
-78.70035,33.8203,527.97424,112.520645,99.17,5.62,22.73,23.85
-88.64194,19.039793,510.6942,107.68173,99.17,4.75,11.74,12.82
-73.14353,21.720444,521.5062,94.863976,32.04,1.77,7.73,8.52
-80.47859,29.162199,521.5874,109.64079,47.52,2.34,15.290000000000001,16.23
-87.18899,17.918848,512.5206,105.107834,48.6,3.23,9.51,10.32
-73.424995,20.473003,516.33014,93.897995,42.6,1.62,6.2,6.83
-75.69278,18.490376,518.258,94.18315,93.58,3.04,9.69,10.55
-80.073456,18.56812,516.90576,98.64157,99.17,4.18,11.84,12.86
-80.951965,21.164812,517.9617,102.116776,82.73,3.75,12.63,13.6
-86.77663,20.050543,510.72818,106.82717,99.17,4.21,12.08,13.31
-74.83389,23.778406,523.2979,98.6123,43.660000000000004,2.18,9.8,10.700000000000001
-74.431625,27.691463,527.34186,102.12309,99.17,3.81,16.580000000000002,17.66
-71.487366,16.396862,506.35245,87.88423,99.16,1.26,3.69,4.16
-75.17952,30.890314,529.2096,106.06983,72.88,2.46,16.63,17.51
-83.899956,21.477016,514.5504,105.37697,40.73,3.0,10.76,11.63
-80.6269,28.391045,520.4089,109.017944,63.86,3.62,16.97,17.990000000000002
-76.91987,29.559795,524.86755,106.47966,86.85,3.34,17.18,18.04
-74.21761,21.279427,515.126,95.49704,41.76,1.6600000000000001,6.48,7.07
-86.07523,8.004185,503.498,94.07942,99.17,2.43,5.38,6.2
-83.87428,25.216751,519.08075,109.091034,41.53,3.52,14.620000000000001,15.860000000000001
-76.17174,22.417171,519.53644,98.58891,99.17,4.01,12.450000000000001,13.47
-70.85575,29.717834,539.3215,100.573586,99.17,2.97,18.400000000000002,19.38
-74.56891,29.214933,516.7554,103.783844,99.15,1.52,10.07,10.73
-76.06659,20.01471,519.04895,96.0813,99.17,4.14,11.97,12.92
-78.93777,25.54651,507.509,104.484276,99.17,1.82,9.450000000000001,10.13
-75.981674,24.270002,520.1808,100.25168,49.2,2.2,10.0,10.84
-80.91681,20.932152,514.6339,101.84896,62.160000000000004,2.85,10.11,10.88
-76.157936,32.420967,529.556,108.5789,52.69,4.0200000000000005,21.04,22.06
-80.65872,27.848486,516.7288,108.50721,99.17,5.1000000000000005,17.42,18.34
-79.99288,32.31879,520.52576,112.311676,99.17,3.62,17.94,18.82
-78.148705,32.304317,530.5771,110.45302,90.44,3.02,21.400000000000002,22.56
-85.58066,26.960247,516.54486,112.54091,99.17,6.88,20.17,21.47
-86.40851,23.75251,516.5154,110.16102,99.17,5.55,17.25,18.64
-72.96978,31.504808,535.93964,104.47459,99.17,4.17,20.1,21.25
-78.08982,30.007805,520.1775,108.097626,99.17,2.24,14.08,15.01
-79.166916,26.71048,522.26666,105.877396,99.16,4.62,16.6,17.650000000000002
-70.37446,25.183357,522.57623,95.557816,99.17,1.97,8.74,9.36
-81.7123,29.018917,520.2734,110.73122,99.17,5.5,20.23,21.36
-73.98278,32.674793,533.1219,106.65758,99.12,3.94,20.900000000000002,21.82
-85.65931,27.958956,516.2426,113.61826,99.17,3.5700000000000003,15.790000000000001,16.9
-71.284485,34.14196,540.4453,105.426445,99.14,2.19,17.52,18.28
-79.43815,29.949253,525.1985,109.387405,75.99,3.52,20.25,21.51
-72.97239,24.971094,525.5524,97.94348,99.11,3.3000000000000003,14.02,14.790000000000001
-79.310326,29.351536,516.4998,108.661865,67.3,1.84,12.07,12.96
-83.09393,11.975149,511.0202,95.069084,99.11,2.91,7.13,7.84
-84.92938,28.513206,518.2292,113.44259,99.17,7.87,23.01,24.36
-78.80401,26.330202,520.947,105.13421,99.17,4.0200000000000005,15.700000000000001,16.8
-80.86877,24.638725,511.57285,105.50749,70.24,2.09,9.38,10.120000000000001
-83.09823,29.569742,514.50275,112.66797,49.07,2.18,13.030000000000001,13.950000000000001
-73.66991,28.658436,520.2052,102.32834,59.93,1.32,8.39,9.06
-81.156334,15.150774,509.36142,96.307106,99.16,2.79,7.29,7.96
-71.42118,17.455204,511.75787,88.87639,35.05,1.32,4.04,4.49
-77.775986,29.367126,522.8407,107.14311,99.14,3.02,16.53,17.56
-70.70686,26.369623,530.29865,97.076485,99.14,3.3200000000000003,13.75,14.52
-77.65093,33.9263,528.3211,111.57723,58.76,2.41,18.330000000000002,19.48
-71.638916,25.145842,518.7624,96.78476,99.14,1.55,7.65,8.25
-74.50811,20.062202,510.1896,94.57031,99.05,1.6400000000000001,5.65,6.17
-73.10471,26.838812,522.54095,99.94353,99.16,2.63,12.43,13.19
-72.73896,22.75133,521.04724,95.49029,99.17,2.79,10.14,11.01
-71.78601,26.069159,524.63477,97.85517,68.92,1.74,9.33,9.99
-74.32404,27.39651,524.51385,101.72055,99.16,3.0100000000000002,14.41,15.17
-78.919266,24.329222,518.2113,103.24849,45.65,2.62,11.33,12.290000000000001
-75.4525,26.434084,525.863,101.88658,76.12,2.71,13.74,14.69
-81.48989,20.879965,513.04553,102.36986,99.14,2.81,9.27,10.24
-84.4711,28.942364,512.8215,113.41347,99.17,3.31,15.46,16.37
-78.01898,28.115562,523.52313,106.134544,99.17,4.0600000000000005,18.1,19.07
-75.784424,34.147984,531.2878,109.9324,99.17,5.67,22.88,23.88
-77.61578,28.559227,524.3399,106.17501,66.58,2.96,15.9,16.84
-76.5613,27.045044,524.0039,103.606346,52.83,3.22,15.8,16.69
-73.6731,24.704391,519.4472,98.377495,99.17,2.15,10.89,11.790000000000001
-74.63117,30.52787,533.1099,105.15904,99.08,3.29,18.29,19.48
-84.036385,22.495789,518.15796,106.53217,44.660000000000004,3.35,12.92,14.120000000000001
-80.03111,28.432518,524.3119,108.46363,50.78,3.35,18.150000000000002,19.41
-82.93846,15.914612,513.464,98.85307,99.16,3.33,9.63,10.61
-69.79687,21.88419,523.2956,91.68106,98.96000000000001,2.24,8.25,8.870000000000001
-84.52109,8.289357,505.2273,92.81045,61.08,2.0,4.65,5.43
-83.76062,34.62614,520.93823,118.386765,99.15,4.08,22.27,23.490000000000002
-72.540306,27.318115,524.1213,99.85842,53.49,1.81,10.41,11.040000000000001
-70.49642,30.716291,535.73206,101.212715,99.16,3.68,16.92,17.7
-73.33065,30.639454,532.35205,103.97011,68.42,2.19,16.080000000000002,16.94
-77.08336,25.061039,516.5702,102.144394,49.26,1.92,9.93,10.64
-73.59521,28.696106,529.9274,102.29131,95.53,3.69,15.6,16.53
-77.16293,30.976978,526.76886,108.13991,99.17,4.68,20.57,21.66
-74.70112,29.548319,525.9678,104.249435,69.68,2.74,15.52,16.330000000000002
-82.810295,31.089115,514.8583,113.899414,59.92,2.57,14.93,15.8
-81.6178,18.180632,515.53503,99.79843,99.16,3.73,10.63,11.52
-83.55648,29.033674,509.49356,112.59016,98.5,1.75,11.73,12.56
-83.542114,28.563368,521.8239,112.105484,61.37,4.19,18.900000000000002,20.17
-74.592514,28.387924,527.75,102.98044,99.16,3.91,17.830000000000002,18.69
-80.96101,15.329228,504.24445,96.290245,99.16,2.11,5.66,6.24
-72.75713,32.97419,540.2631,105.73132,89.77,3.22,21.32,22.400000000000002
-81.64843,14.129438,511.26273,95.77787,64.64,2.61,6.8500000000000005,7.5
-86.27605,26.734768,517.6768,113.01082,99.16,5.6000000000000005,18.39,19.48
-87.83717,30.059448,519.22095,117.89662,54.02,3.74,19.240000000000002,20.48
-69.66998,30.630857,539.35657,100.30084,99.17,1.9100000000000001,14.91,15.610000000000001
-71.23926,30.69018,540.09283,101.929436,38.48,1.95,16.46,17.42
-74.53786,28.576178,527.3347,103.11404,99.15,3.45,17.42,18.25
-71.91656,31.43497,531.8486,103.35153,99.17,1.87,16.13,16.89
-74.86629,31.31713,530.8927,106.18342,99.16,4.54,19.72,20.900000000000002
-79.922356,22.464567,509.74677,102.386925,99.14,1.94,8.05,8.74
-69.38241,30.699934,541.2687,100.082344,61.56,2.15,14.63,15.52
-75.56242,28.668945,522.9434,104.23137,99.17,3.21,15.18,16.03
-78.486305,24.15642,516.75446,102.64272,99.17,3.6,13.1,13.98
-78.89521,25.37579,513.94275,104.270996,99.17,3.08,12.15,12.88
-78.87532,30.159597,526.1625,109.03492,99.17,4.58,20.88,21.97
-72.821625,15.751384,509.34207,88.573006,52.05,1.37,3.93,4.39
-79.34643,28.773891,519.66187,108.120316,99.17,2.7,14.94,15.97
-79.38392,17.208813,514.96295,96.59273,37.07,2.35,7.26,8.03
-74.00498,22.859669,513.2121,96.864655,99.16,1.7,7.7700000000000005,8.370000000000001
-84.706924,30.062832,508.78946,114.76976,82.73,1.94,12.34,13.08
-79.56619,22.606638,519.7644,102.17283,41.79,3.02,11.07,12.13
-76.289116,31.067837,527.90106,107.35695,99.17,3.0100000000000002,18.72,19.8
-77.01544,16.200233,515.19385,93.215675,99.17,3.3000000000000003,8.75,9.48
-74.82237,21.278433,518.08344,96.10081,99.17,2.87,10.290000000000001,11.01
-82.969734,17.678864,514.24664,100.6486,94.74,3.1,9.63,10.78
-81.58963,26.660421,513.96045,108.25005,71.54,2.16,11.9,12.71
-76.30219,27.121033,523.8665,103.423225,99.17,5.12,17.37,18.46
-76.30922,29.532177,523.1653,105.8414,82.83,2.45,14.41,15.200000000000001
-76.52719,22.883326,512.4959,99.410515,51.44,1.57,6.97,7.65
-74.686104,27.373875,524.2068,102.05998,59.18,2.14,12.0,12.94
-72.96874,25.69453,522.28253,98.66327,99.17,2.75,11.69,12.370000000000001
-76.58192,33.509758,534.2693,110.091675,87.48,3.0500000000000003,21.0,22.2
-70.69683,24.71485,529.26575,95.41168,61.79,1.76,10.03,10.83
-75.96994,25.480865,520.4581,101.450806,66.48,2.2,10.96,11.75
-84.737434,20.066307,513.5421,104.80374,99.16,4.1,12.24,13.19
-84.958984,27.991364,509.6757,112.95035,99.17,2.17,12.24,13.17
-69.83265,17.804043,517.42676,87.63669,99.16,2.0,6.21,6.75
-77.21005,18.522667,511.0962,95.73272,99.17,2.6,7.8,8.57
-83.226616,28.833202,518.98956,112.059814,99.14,4.38,18.95,19.97
-73.90606,25.694668,515.33417,99.60072,99.15,1.67,8.76,9.38
-83.35629,24.118616,507.81937,107.47491,99.17,2.66,9.88,10.65
-74.81934,22.166546,520.29645,96.985886,68.09,2.37,9.75,10.55
-83.1595,25.514357,516.3949,108.67386,99.17,5.41,16.21,17.28
-71.826515,30.493284,536.1365,102.3198,99.16,4.12,19.27,20.3
-88.63633,28.750595,511.64865,117.386925,99.16,3.7,15.290000000000001,16.43
-74.09235,25.94374,525.9331,100.03609,40.410000000000004,2.33,12.280000000000001,13.0
-83.30045,17.389141,512.14514,100.68959,99.14,3.0500000000000003,9.16,10.16
-75.24466,20.445,514.2602,95.68966,99.17,2.68,8.77,9.49
-74.58342,26.442158,518.0395,101.02557,99.14,1.74,10.38,11.02
-77.8194,22.404875,514.4174,100.22427,99.17,3.43,11.1,11.97
-73.40627,25.62775,515.80865,99.03403,46.33,1.24,6.74,7.3500000000000005
-76.18704,25.144966,521.98755,101.33201,99.16,3.85,15.22,16.12
-77.27402,33.178547,532.1704,110.45256,99.15,2.89,23.16,24.47
-72.71673,32.00852,535.6643,104.72525,99.17,2.16,17.86,18.7
-78.944084,29.877153,517.9218,108.821236,75.17,1.97,13.620000000000001,14.42
-70.76493,21.456219,525.48315,92.221146,99.17,3.13,12.09,13.06
-82.481895,28.67758,513.25714,111.15948,99.17,3.25,14.1,15.05
-71.76483,26.457031,520.2614,98.22186,52.2,1.2,6.75,7.37
-83.69674,29.39001,521.3427,113.08675,46.93,4.42,18.5,19.84
-81.75925,24.9055,515.9412,106.66475,99.17,4.26,14.67,15.64
-75.77257,24.841133,517.2614,100.6137,99.17,2.77,11.01,11.73
-71.43765,18.717264,520.3033,90.154915,99.14,2.07,7.5600000000000005,8.370000000000001
-85.75568,21.021128,514.1511,106.7768,60.61,3.73,11.75,12.67
-76.13927,28.31834,525.70184,104.45761,99.14,3.85,16.02,17.080000000000002
-72.68179,26.106394,525.0765,98.788185,99.17,2.64,13.530000000000001,14.27
-74.14172,30.21781,527.1598,104.359535,77.0,2.17,14.58,15.3
-86.58951,28.94788,510.4395,115.537384,99.17,3.95,14.97,15.89
-73.702515,23.84623,514.68024,97.548744,79.72,1.59,7.11,7.65
-72.03437,22.847887,513.74426,94.882256,84.9,1.33,5.41,5.98
-75.97278,30.229643,518.5243,106.20242,99.04,1.83,11.620000000000001,12.41
-72.75976,30.072166,529.89,102.831924,99.17,3.87,17.28,18.11
-85.285515,27.89204,517.1115,113.17755,99.17,4.49,17.43,18.46
-74.04184,25.629055,526.60406,99.6709,34.56,2.7,12.790000000000001,13.82
-73.33089,23.476784,521.3712,96.80767,62.69,2.54,10.09,10.77
-83.88017,31.374985,521.19354,115.25516,99.17,5.89,25.35,26.72
-79.705444,23.389723,519.35095,103.09517,42.12,3.04,12.790000000000001,13.68
-82.72773,30.947372,519.09076,113.6751,99.17,3.61,18.72,19.92
-86.82174,30.24091,521.1285,117.06265,99.14,5.36,22.79,24.400000000000002
-79.56826,29.19841,511.3653,108.76667,99.16,1.97,12.25,12.98
-72.47842,32.43131,530.68787,104.90973,99.17,3.95,17.48,18.25
-72.0184,23.981022,521.4283,95.99942,99.17,3.09,11.5,12.18
-79.23481,27.930046,509.47305,107.164856,59.93,1.49,8.67,9.290000000000001
-72.90539,18.029482,516.8819,90.93487,99.17,2.41,8.02,8.8
-86.21435,29.487352,511.25977,115.7017,99.16,2.5500000000000003,15.14,16.12
-85.12393,28.882933,518.27124,114.00687,99.15,5.26,19.87,20.96
-73.33793,27.07314,526.47546,100.41107,49.980000000000004,1.94,11.72,12.63
-74.308105,31.415197,530.3495,105.723305,99.16,1.9000000000000001,15.5,16.36
-75.645615,23.651821,510.19418,99.29744,99.16,1.69,7.04,7.73
-76.058174,24.021627,518.69543,100.0798,50.46,2.15,9.540000000000001,10.28
-71.07718,19.378736,521.6449,90.45592,38.19,2.11,7.09,7.71
-72.369606,30.90617,535.2353,103.27577,86.1,2.19,16.03,16.85
-77.03788,20.648785,519.42114,97.68666,99.17,3.35,11.790000000000001,12.780000000000001
-78.20273,20.091389,517.8226,98.29411,60.3,2.93,10.23,11.08
-79.3694,24.596933,515.5367,103.96633,99.17,3.15,12.38,13.16
-74.40967,25.10076,520.12195,99.51043,99.13,2.11,10.39,11.15
-84.78888,11.884617,505.6492,96.67349,99.17,2.83,6.640000000000001,7.37
-74.0523,32.156586,525.7609,106.208885,87.19,1.53,11.67,12.49
-78.03576,27.880997,522.99396,105.916756,99.17,5.89,19.53,20.73
-71.23056,29.363638,535.3225,100.5942,99.15,2.95,15.6,16.64
-75.85336,27.486855,512.53845,103.34022,99.17,1.72,9.74,10.4
-73.06879,23.339916,524.7964,96.40871,57.46,2.0100000000000002,10.02,10.92
-78.71147,32.410732,528.9496,111.12221,78.42,4.0200000000000005,22.650000000000002,24.150000000000002
-74.7108,22.624641,520.39813,97.33544,99.11,3.04,10.52,11.25
-82.23431,32.247185,515.1415,114.48149,99.17,2.33,15.96,16.87
-81.94258,31.10462,522.2827,113.0472,99.07000000000001,5.16,22.13,23.330000000000002
-74.24896,25.329905,527.07294,99.578865,54.4,2.38,12.44,13.51
-77.84114,30.691566,525.75244,108.53271,44.57,2.98,16.42,17.32
-85.12644,27.275892,517.4262,112.402336,99.17,5.14,17.37,18.39
-82.21758,14.475393,506.82993,96.69298,99.17,2.61,7.05,7.8500000000000005
-75.88364,14.576192,509.52246,90.45983,99.15,1.98,5.43,5.97
-75.213715,28.90132,514.1223,104.115036,99.17,1.57,10.22,10.89
-79.293076,18.100058,506.2537,97.393135,99.17,2.1,6.46,7.2700000000000005
-76.960556,25.013912,513.1275,101.97447,99.17,2.08,9.86,10.71
-81.32437,30.560534,520.39197,111.8849,99.0,2.7800000000000002,17.87,18.91
-74.23256,19.896673,518.89935,94.129234,57.1,2.2,8.28,9.0
-78.60365,22.757578,513.3343,101.36123,99.17,2.36,9.89,10.86
-80.00574,25.909746,519.8593,105.91548,72.7,2.94,13.24,14.31
-85.98019,27.89328,509.60495,113.87347,99.16,2.2,12.33,13.23
-73.5484,21.363539,517.4045,94.91194,99.17,2.12,7.930000000000001,8.64
-74.67728,27.330359,522.22253,102.00764,99.17,1.9100000000000001,11.950000000000001,12.870000000000001
-80.47835,18.497252,510.12527,98.9756,99.17,2.5500000000000003,8.120000000000001,8.9
-79.27668,27.97778,517.8187,107.254456,89.17,2.12,12.58,13.42
-71.24423,32.460007,539.5843,103.70424,99.03,1.99,18.78,19.56
-80.62138,21.977531,506.85907,102.598915,99.17,1.98,7.640000000000001,8.45
-81.31996,17.302933,514.592,98.622894,80.83,2.89,8.74,9.78
-80.11267,26.307476,516.9904,106.42015,52.4,2.5300000000000002,12.31,13.08
-74.591835,29.754076,531.62476,104.34591,99.16,2.71,18.0,19.2
-80.01283,27.69025,521.05304,107.70308,99.17,4.0,17.5,18.39
-74.045494,29.319622,526.82745,103.36511,55.52,2.29,13.790000000000001,14.540000000000001
-85.40683,30.572289,521.09827,115.97912,99.17,5.36,22.11,23.57
-85.30078,28.643848,519.0034,113.944626,82.71000000000001,4.32,19.32,20.52
-72.6399,20.217428,517.14734,92.85733,99.17,2.25,8.09,8.88
-82.22944,33.501354,521.2755,115.73079,99.17,3.41,21.92,23.04
-79.73635,27.909117,513.756,107.64547,99.16,2.49,12.72,13.5
-77.09112,28.14132,515.4357,105.23244,99.16,1.76,11.34,12.11
-72.06222,24.182528,523.51953,96.24474,99.16,2.34,10.1,10.76
-85.87402,30.635067,518.0696,116.509094,99.17,5.46,21.37,22.46
-79.776764,31.559717,523.23505,111.33648,88.45,4.25,19.240000000000002,20.2
-73.81955,32.5719,533.9355,106.39145,99.17,3.64,20.31,21.17
-78.95899,20.837969,509.76736,99.79696,99.15,1.85,7.17,7.930000000000001
-70.905235,33.003292,541.833,103.90852,71.96000000000001,1.8,17.02,17.830000000000002
-80.73914,15.989667,515.34625,96.72881,99.15,3.96,10.34,11.14
-75.324425,25.01534,521.746,100.33977,36.2,2.11,10.620000000000001,11.33
-71.70217,21.348242,519.76074,93.050415,99.16,1.92,7.76,8.6
-76.0679,20.40656,519.767,96.474464,99.11,3.25,11.4,12.49
-84.59417,22.450758,517.6095,107.04493,99.16,4.71,14.38,15.52
-70.485405,26.053621,527.4501,96.539024,67.05,1.6600000000000001,9.23,9.98
-70.162964,18.641788,520.634,88.80475,70.51,2.09,6.88,7.46
-72.07208,17.279552,518.5239,89.35164,40.51,1.99,6.23,6.79
-70.7318,18.748606,522.1364,89.4804,76.67,2.25,7.91,8.6
-72.5259,32.571297,537.88275,105.0972,99.16,3.75,19.21,20.240000000000002
-82.155304,19.695541,513.2766,101.850845,99.17,3.41,9.96,10.790000000000001
-77.58244,29.482983,524.47614,107.06543,99.17,5.8500000000000005,19.22,20.3
-83.40746,15.818814,506.37665,99.22628,99.03,2.11,6.04,6.78
-71.88589,28.414892,533.2407,100.30078,67.18,2.61,14.39,15.31
-73.66667,25.511305,528.58276,99.17798,43.88,2.46,12.74,13.85
-87.495186,25.372318,514.25037,112.86751,99.17,5.72,15.89,16.93
-81.02486,29.833664,521.3472,110.85852,99.17,5.96,20.900000000000002,22.07
-73.02714,29.662012,524.84827,102.68915,99.16,1.77,12.44,13.33
-76.72211,27.645487,511.15167,104.36759,99.17,1.83,9.24,9.89
-74.719215,24.83267,517.9385,99.55189,99.11,1.97,9.120000000000001,9.86
-74.76148,25.668682,517.5797,100.43016,99.06,1.92,8.82,9.55
-72.62575,19.278746,519.88605,91.904495,52.7,2.0,7.32,7.96
-81.64036,33.228336,516.4939,114.8687,99.17,3.5500000000000003,17.51,18.59
-84.91438,25.658623,511.42892,110.573006,99.17,3.47,13.92,14.950000000000001
-78.58251,19.63535,508.9946,98.217865,99.16,1.96,7.12,7.98
-81.529236,24.582188,513.87854,106.11142,99.17,2.77,11.53,12.43
-83.68376,16.332144,508.70648,100.01591,99.17,3.1,8.39,9.22
-76.72138,25.015709,520.8456,101.73709,53.81,2.54,12.38,13.16
-81.831024,30.62537,515.51965,112.45639,99.17,3.44,16.580000000000002,17.5
-74.44591,28.05987,522.98834,102.505775,99.17,2.36,13.83,14.700000000000001
-77.32893,13.019663,510.11362,90.348595,99.17,2.19,5.96,6.66
-71.891335,25.497747,517.9874,97.389084,99.16,1.76,8.32,8.88
-73.47674,32.807964,537.24036,106.2847,38.21,2.35,18.75,19.78
-79.31214,29.186356,515.6169,108.4985,99.17,1.94,12.85,13.76
-76.88965,23.68415,520.9901,100.5738,99.17,4.2,13.99,15.120000000000001
-83.68624,22.247307,515.64343,105.93355,67.84,3.66,11.86,12.72
-78.71803,23.32446,519.04205,102.042496,99.17,4.26,14.040000000000001,15.09
-72.33329,33.211117,532.68164,105.5444,99.10000000000001,2.2800000000000002,15.56,16.32
-70.89934,20.954195,521.1565,91.85353,99.17,2.97,10.01,10.71
-81.46858,31.305368,514.55334,112.77395,99.16,2.5,15.21,16.080000000000002
-74.93586,31.491287,527.59326,106.42715,43.86,1.84,14.08,14.88
-83.31311,29.785755,517.0291,113.09886,99.16,3.88,16.64,17.71
-72.15333,25.35064,524.9985,97.50397,99.15,2.79,11.8,12.530000000000001
-72.2859,24.692345,524.6549,96.97824,99.17,2.66,12.07,13.06
-80.6121,22.932955,517.1908,103.54505,99.17,6.140000000000001,16.54,17.46
-83.333885,13.963374,506.30685,97.29726,99.17,2.52,6.51,7.17
-77.7419,30.092411,523.066,107.834305,99.16,2.7600000000000002,17.18,18.23
-72.46365,34.59805,539.8949,107.06171,43.23,2.37,18.47,19.3
-80.0361,31.339436,514.561,111.375534,64.61,1.92,12.91,13.620000000000001
-72.90724,29.480562,525.9162,102.3878,65.18,1.62,11.16,11.98
-82.14044,20.28889,516.4992,102.42934,46.9,3.22,11.35,12.36
-77.04147,22.480453,519.2783,99.52193,59.95,2.65,10.24,11.23
-83.9489,24.241356,513.62775,108.190254,99.17,4.0,13.69,14.57
-73.64545,22.419022,508.69586,96.06447,99.0,1.35,5.24,5.7700000000000005
-77.68542,28.432003,520.707,106.11742,99.17,3.87,15.26,16.29
-71.762314,29.463957,521.8852,101.22627,99.17,1.32,8.88,9.52
-82.82242,33.422234,523.81415,116.24465,99.17,7.49,26.6,28.12
-72.554985,34.62765,541.0534,107.18263,99.17,4.54,22.85,24.07
-76.625626,18.497175,518.2427,95.1228,99.14,3.09,9.98,10.89
-70.03638,16.06539,516.74963,86.10177,28.69,1.3800000000000001,4.24,4.79
-83.00356,33.548164,519.56305,116.55173,99.17,4.96,22.26,23.330000000000002
-80.575554,17.991898,502.422,98.56745,99.17,1.99,6.0,6.62
-76.94792,25.498503,515.4709,102.44643,99.17,3.08,11.39,12.09
-73.46249,23.936602,516.4633,97.399086,58.28,1.43,6.91,7.55
-74.39144,30.376404,534.2296,104.767845,72.69,2.5500000000000003,17.95,19.14
-73.20311,23.290337,516.4004,96.49345,99.14,1.79,7.7,8.38
-81.06954,24.67549,512.5776,105.74503,78.0,2.24,10.4,11.11
-73.78121,29.679169,523.38635,103.46038,99.17,2.14,12.25,13.07
-79.03176,30.90146,524.7573,109.93322,99.17,5.3100000000000005,20.28,21.61
-82.70354,33.581177,526.52997,116.28471,48.86,2.91,22.67,23.82
-75.06788,17.773186,515.4984,92.841064,99.17,3.39,9.52,10.16
-84.7126,18.60237,508.76962,103.31497,99.17,2.85,8.78,9.790000000000001
-85.82427,27.298908,505.59427,113.123184,99.17,2.58,12.33,13.19
-77.98823,27.886772,525.3008,105.875,46.52,3.16,17.27,18.43
-78.15329,34.125607,525.0139,112.2789,99.17,3.5100000000000002,19.96,21.11
-86.518326,32.82795,516.39746,119.346275,99.17,5.3100000000000005,20.990000000000002,22.16
-81.59669,19.439114,513.2326,101.0358,99.16,3.63,10.27,11.08
-86.16943,29.324009,515.8087,115.49344,99.15,4.01,16.11,17.21
-75.859985,11.667155,503.35092,87.52714,65.84,1.37,3.42,3.87
-76.347145,30.878878,525.96466,107.22602,68.1,2.39,16.22,17.04
-86.16439,25.966969,517.44366,112.13136,44.2,3.43,14.35,15.55
-80.306656,27.31897,519.7336,107.625626,99.17,6.5,19.330000000000002,20.32
-74.31651,27.144827,527.2489,101.46134,72.99,2.63,14.030000000000001,15.11
-78.2088,35.599693,526.20776,113.808495,99.17,3.33,20.62,21.63
-87.032425,23.428152,503.0551,110.46058,99.17,2.5100000000000002,9.1,9.83
-70.87676,31.003433,536.5221,101.880196,99.12,1.6300000000000001,13.58,14.33
-69.61368,20.62543,520.7714,90.239105,40.59,1.57,5.8,6.32
-73.99575,15.769446,509.61667,89.7652,99.17,1.69,5.13,5.84
-78.70791,31.11517,526.08417,109.823074,99.17,4.29,21.3,22.64
-81.39467,28.055124,507.4423,109.44979,99.17,1.83,10.83,11.57
-72.40494,33.371796,540.3021,105.77673,55.17,1.98,18.96,19.79
-86.280174,31.29089,518.8414,117.57106,99.17,5.8100000000000005,20.580000000000002,21.87
-70.59952,34.02278,546.1937,104.6223,81.63,2.15,19.84,20.69
-79.40372,26.85042,509.01935,106.254135,99.17,1.94,9.89,10.73
-69.54799,20.490402,522.92957,90.03839,49.730000000000004,1.6,6.3100000000000005,6.94
-75.52719,33.1713,533.3166,108.69849,99.17,4.82,23.16,24.39
-85.001114,29.285736,515.255,114.28685,99.17,5.57,19.76,20.87
-82.897896,27.04377,515.44574,109.941666,99.17,4.64,16.25,17.38
-81.44881,24.336903,509.15576,105.785706,99.17,2.29,10.27,11.19
-82.80955,24.856207,514.8513,107.66576,99.13,2.94,12.14,13.1
-70.65375,17.453243,518.0084,88.106995,23.48,1.47,4.94,5.48
-73.95264,26.779669,523.5214,100.73231,99.16,2.25,13.26,14.1
-71.455414,30.681025,535.6622,102.13644,36.69,2.13,15.290000000000001,16.02
-72.052986,28.559187,526.00616,100.612175,99.16,2.74,13.38,14.09
-84.01513,17.18135,511.78494,101.19648,48.85,2.64,7.95,8.73
-75.3178,19.277885,516.86035,94.59569,99.06,2.65,8.9,9.620000000000001
-79.51039,23.922663,518.5643,103.43305,39.09,2.81,11.31,12.19
-76.35859,28.070345,524.8469,104.42893,76.18,3.25,15.07,16.13
-83.13143,16.119055,513.6161,99.25049,99.17,4.43,11.73,12.92
-72.07422,33.42142,540.02295,105.495636,41.07,2.16,18.09,18.94
-75.2614,29.490332,527.11566,104.75173,64.84,2.12,13.6,14.57
-73.30611,29.585016,534.87573,102.89112,99.17,3.79,19.150000000000002,20.32
-78.16374,30.949392,516.4968,109.11314,99.16,1.55,12.97,13.72
-73.8302,20.461176,512.7399,94.291374,99.12,1.74,6.26,6.82
-83.69603,15.671922,514.92816,99.36795,99.17,4.1,10.39,11.41
-83.892296,20.044228,505.8139,103.93652,99.16,2.5,8.0,8.67
-79.138176,29.727566,524.7022,108.86574,59.43,3.3200000000000003,18.94,20.04
-81.65084,20.663641,514.40704,102.31448,99.17,5.14,13.59,14.47
-79.02089,28.912254,522.4824,107.93314,99.17,6.01,19.67,20.86
-74.56042,25.07876,522.9051,99.639175,99.17,3.34,13.57,14.450000000000001
-85.87259,17.509695,506.18353,103.382286,99.17,3.3200000000000003,8.81,9.55
-80.26975,18.881147,505.17603,99.1509,48.95,1.69,5.16,5.76
-81.04511,19.787899,515.9513,100.83301,80.74,3.04,10.8,11.85
-73.33505,27.180279,527.02545,100.515335,99.17,3.97,14.91,15.870000000000001
-76.49557,26.839987,522.08276,103.335556,45.65,2.0100000000000002,11.59,12.5
-76.69763,27.0708,510.2583,103.76843,99.16,1.8,9.0,9.74
-80.30637,33.229454,523.211,113.53583,99.17,3.92,20.05,21.19
-78.16914,23.3779,520.5408,101.54704,35.11,2.68,11.72,12.65
-84.77633,19.04539,512.45264,103.82172,47.46,2.83,9.35,10.16
-72.685036,18.0452,516.64435,90.73024,99.14,2.11,7.07,7.72
-74.50001,34.687195,535.23895,109.1872,99.16,2.99,20.31,21.47
-83.82965,20.614344,508.71344,104.44399,99.16,2.45,8.45,9.290000000000001
-79.91908,27.562548,520.6603,107.48163,59.29,3.06,15.0,15.9
-76.14326,31.81604,531.4593,107.9593,52.39,3.49,19.28,20.52
-84.09945,21.640028,514.40155,105.73948,99.17,4.79,13.51,14.52
-86.10081,31.830776,519.20074,117.93158,99.17,6.3500000000000005,23.72,25.32
-70.30328,33.33853,541.6492,103.641815,99.17,3.25,18.91,19.82
-86.72975,21.196417,515.0384,107.92617,63.41,3.75,12.55,13.73
-75.89052,31.462046,530.74524,107.35256,73.25,3.0,17.61,18.76
-82.14471,18.048246,515.0991,100.192955,99.07000000000001,3.44,10.01,10.9
-71.11977,19.964783,522.75037,91.08455,54.82,1.83,7.5200000000000005,8.32
-73.86728,27.816357,524.76794,101.68364,51.92,1.47,10.15,10.91
-75.233635,24.204725,516.58923,99.43836,99.16,2.08,9.700000000000001,10.41
-77.21482,26.17145,522.5534,103.38627,45.49,2.38,12.52,13.34
-83.403625,30.59578,518.1815,113.999405,89.86,3.54,17.38,18.53
-87.39337,21.86926,508.74567,109.262634,57.9,2.69,9.16,10.03
-79.858925,22.163404,515.16583,102.02233,99.17,3.62,11.33,12.15
-73.54269,19.381836,514.0993,92.92452,99.16,2.02,7.04,7.84
-77.99243,16.862505,513.9926,94.854935,46.06,2.2800000000000002,6.76,7.42
-76.102745,26.46003,522.2405,102.562775,99.17,5.01,16.09,16.92
-84.71011,25.143078,511.19177,109.853195,99.17,3.46,12.92,13.780000000000001
-79.16551,28.900446,512.56256,108.065956,99.17,2.22,12.08,12.88
-75.24504,27.809116,527.21375,103.05415,99.17,5.0600000000000005,19.25,20.48
-79.50523,20.765379,516.2356,100.270615,99.17,4.16,13.1,14.32
-81.33264,24.819355,506.7692,106.15199,99.17,2.09,8.81,9.55
-85.72553,28.485249,507.19254,114.210785,99.16,2.07,11.49,12.35
-72.05821,34.17192,540.762,106.23013,99.16,2.19,18.44,19.51
-71.679016,13.865046,508.71735,85.54406,68.27,1.23,3.52,4.07
-73.465515,27.21142,522.90906,100.67693,99.15,1.84,11.85,12.6
-81.53229,17.32193,515.83466,98.85422,99.17,3.99,10.69,11.51
-80.413765,27.962862,520.1367,108.376625,80.17,2.88,15.43,16.38
-75.16044,31.975645,529.0287,107.136086,99.16,2.96,18.46,19.27
-85.45797,19.175953,514.78436,104.63393,99.17,5.54,14.24,15.610000000000001
-74.095795,27.443296,526.5795,101.53909,73.39,2.36,12.51,13.44
-85.87379,16.44474,510.75317,102.31853,98.99,2.99,8.31,9.24
-76.19053,26.104053,521.1569,102.294586,99.13,3.35,12.81,13.63
-76.749535,30.79175,526.7042,107.54128,99.16,4.88,19.580000000000002,20.5
-70.707054,14.185091,509.9945,84.89214,29.33,1.19,3.25,3.69
-83.776566,31.078045,515.0521,114.854614,99.17,2.82,17.54,18.53
-72.04266,19.635658,517.1145,91.67832,50.99,1.62,5.59,6.23
-74.454666,24.46174,523.0019,98.916405,99.14,2.33,11.89,12.9
-77.87525,20.011477,515.1841,97.88673,99.10000000000001,2.27,8.75,9.65
-77.896095,28.738539,519.48035,106.634636,99.17,3.92,15.44,16.23
-72.84997,29.219492,532.911,102.06946,99.17,3.45,18.080000000000002,19.28
-78.86378,29.463028,521.9696,108.326805,79.68,2.8000000000000003,15.43,16.3
-76.38791,31.701553,521.9725,108.08946,99.17,2.42,15.27,16.03
-73.23543,26.831573,526.2913,100.067,76.89,3.2800000000000002,14.48,15.26
-84.64775,30.005802,508.595,114.65355,99.16,2.11,13.74,14.540000000000001
-79.39398,30.842579,516.12524,110.23656,48.9,1.62,12.700000000000001,13.44
-80.44239,24.120146,519.623,104.56254,99.17,5.47,17.84,19.12
-77.81263,13.788112,507.89124,91.60074,91.02,1.6400000000000001,4.69,5.4
-74.886536,21.267145,510.37222,96.15368,99.16,1.69,6.66,7.2700000000000005
-88.94306,29.181114,506.02228,118.124176,89.79,2.34,11.77,12.64
-75.24101,26.40821,520.63916,101.64922,99.17,2.63,12.48,13.23
-80.393234,12.912903,501.476,93.30614,99.17,1.76,4.4,4.94
