Model,Training Samples,Inference Time (100k samples) (s),MARE,MSE,R2,MARE_QoI_0,MSE_QoI_0,MARE_QoI_1,MSE_QoI_1,MARE_QoI_2,MSE_QoI_2,MARE_QoI_3,MSE_QoI_3,MARE_QoI_4,MSE_QoI_4,MARE_QoI_5,MSE_QoI_5,Training Time (s),Memory (gpu),Training Iterations,id
PCE_2,100,97.87257709503174,0.0031753636999684743,2.7159835655934982e-05,0.9999622145967395,0.0004645211673786358,3.177481519602155e-07,0.003062035273496787,1.539873170831944e-05,0.0015118312085731767,4.0161543390762e-06,0.004288078074189528,3.6182644210477396e-05,0.00445368019596656,4.078532852092489e-05,0.005272036280206158,6.625840700485177e-05,0.11371207237243652,0.0,-1,0
PCE_3,100,101.6344792842865,0.001661529517136244,9.991366060615219e-06,0.9999867196590685,5.633893038558364e-05,5.094809623869495e-09,0.0007623058857663249,1.2094410070975185e-06,0.000977609630995048,1.7498844579793306e-06,0.0023742925142906236,1.2900697668052402e-05,0.0025834912534883907,1.5845512766880624e-05,0.0032151388878914923,2.8237565654057568e-05,0.12244677543640137,0.0,-1,1
PCE_5,100,113.50530009269714,0.0019060927251485235,1.9610159868175678e-05,0.9999543171896992,3.620846888352931e-05,4.299477918501883e-09,0.00011975744826749937,6.056361354588696e-08,0.0007401651349577661,1.2861291667811359e-06,0.0030777698787156247,2.898823680502396e-05,0.0033862892613489306,3.530806459119941e-05,0.004076366158717791,5.201366555458518e-05,0.14791178703308105,0.0,-1,2
gp_L,100,0.3609307289123535,0.013974350424139243,0.0005215721417759593,0.9991290480087048,0.002979586387620832,1.2477095971562065e-05,0.008597451961664646,0.0001238503316155387,0.0028804213925443787,1.3858871281248789e-05,0.021790171895528853,0.0008501277893265518,0.023125189650984812,0.0010150074537350472,0.024473281256491945,0.0011141113087258072,11.780189037322998,17.9619140625,241,3
gp_M,100,0.16620497703552245,0.015281900934861793,0.0006932536417432874,0.9987542998611564,0.0031904951195850816,1.4455230240686423e-05,0.009023455329905599,0.00013499089092312394,0.00291712679483926,1.4311622872408764e-05,0.02460379742040423,0.0010771995953868083,0.026376768234422462,0.0017237467552467215,0.025579762710014137,0.0011948177557899757,7.314501523971558,17.478515625,273,4
gp_S,100,0.1040116310119629,0.017332445179197513,0.0008464462035192594,0.9987255560382852,0.004101789948954792,2.3489538578235458e-05,0.011631642224003124,0.0002149319635463095,0.0035523904815173324,1.96551460272786e-05,0.02432088992419196,0.0015566863946519386,0.02797867444645946,0.00139299077976802,0.03240928405005841,0.0018709233985437742,5.437727451324463,20.16162109375,269,5
NN_S,100,0.005587625503540039,0.0036757661711947975,4.171013700136283e-05,0.9999406708505235,0.0003995921832250964,3.4776284780316124e-07,0.0035579588238637216,2.861628844060443e-05,0.0014703589821226807,4.226211620269783e-06,0.005353985543739128,6.589786833293733e-05,0.00529582889997201,6.25213623482861e-05,0.005976872594246149,8.865132841827619e-05,0.473191499710083,17.2578125,975,6
NN_M,100,0.005070161819458008,0.0019139531094317316,1.334140262692822e-05,0.9999867169582425,0.00020075479167231918,8.821309048195098e-08,0.0020293687170645255,9.731309865362834e-06,0.0011387862053916327,2.6447462334888674e-06,0.0022119794554650903,1.2317509409895428e-05,0.0025482831670001916,1.6583310956500143e-05,0.0033545463199966294,3.86833262058401e-05,1.5239405632019043,17.27734375,3466,7
NN_L,100,0.005891323089599609,0.0013639949280285918,1.3658133964852278e-05,0.9999875413901541,0.0002210215655320285,1.3306589202540637e-07,0.0004116877236616023,6.31286474188118e-07,0.0006261712289743884,8.970145985870605e-07,0.0020136186058480705,1.744535057755384e-05,0.002236629816581501,2.2929934637868598e-05,0.002674840627573961,3.9912151608890644e-05,0.9792454242706299,17.45703125,1707,8
PCE_2,500,97.97751760482788,0.003078603785373292,2.5887739863097523e-05,0.9999657021878136,0.00043852956061240746,2.7459894218853726e-07,0.0030760409983459007,1.4780980272575428e-05,0.0014683388094795021,3.495330617596497e-06,0.0041102077607417355,3.5324749258644294e-05,0.004279212337117758,3.962673984520557e-05,0.005099293245942447,6.182404024237479e-05,0.5268900394439697,0.0,-1,9
PCE_3,500,101.13414363861084,0.001564725400432727,8.193804986240427e-06,0.9999893466112583,5.493777367308366e-05,4.58263056326792e-09,0.0007791138007224534,1.039326375146169e-06,0.0008561913370578962,1.3725685399809543e-06,0.0022352619071404262,1.0800336806368107e-05,0.002429196382271801,1.3234392175330944e-05,0.0030336512017307008,2.2711623390053116e-05,0.5541589260101318,0.0,-1,10
PCE_5,500,113.45735292434692,0.0010700412050925082,4.399854822403315e-06,0.9999928946727208,1.4665750872538069e-05,4.4371099538088787e-10,6.607569012191135e-05,1.3461035801859157e-08,0.00045712250435924205,4.085561507249984e-07,0.001714839204803317,6.385977153547953e-06,0.0018863680604656657,7.830287563099861e-06,0.0022811760199323745,1.1760403320249835e-05,0.636681079864502,0.0,-1,11
gp_L,500,0.22698287963867186,0.006725840957730175,0.0001528286302090756,0.9997713000881615,0.0013091532628573322,2.6754232145859833e-06,0.0041494729403361704,3.672969404427899e-05,0.0011800902108863843,2.6309231016461188e-06,0.010658522271520797,0.000256401711008636,0.011208345774116106,0.00029154152401117075,0.011849461286664259,0.00032699250587413584,15.360388278961182,62.3076171875,242,12
gp_M,500,0.16607284545898438,0.005968280000094965,0.00013187982071406244,0.9998123451456535,0.0010833745197669175,1.949978229088542e-06,0.0034665578209431658,2.7207619592093125e-05,0.0011971801478719095,2.701489349664519e-06,0.00917124569071489,0.00019674457662104342,0.010568160195894714,0.0003031419782992052,0.010323161625378193,0.0002595332821932797,5.621426582336426,91.2529296875,177,13
gp_S,500,0.10397391319274903,0.015556293108377615,0.0007183683022080916,0.9988067841931562,0.003393999881781052,1.5833633210288872e-05,0.006138251814034541,6.666861200436236e-05,0.0010869795061120766,2.2182813604070545e-06,0.025406861794454925,0.0011763265297778896,0.0291583792627933,0.0015556914707803814,0.028153286391089796,0.0014934712861152195,7.400991439819336,143.2255859375,301,14
NN_S,500,0.004201936721801758,0.0023753517148825546,1.9333390979704124e-05,0.9999764675851156,0.00017527359250072542,6.34639447218551e-08,0.0026729703333993327,1.8454065787164002e-05,0.0008447672844421936,1.7308610296884512e-06,0.0032419577967552626,2.474035965218573e-05,0.0033719380894793693,2.863093522314946e-05,0.003945203192718445,4.238066024131525e-05,5.346315145492554,17.2578125,14114,15
NN_M,500,0.004325151443481445,0.0014940659559082301,1.0618253243654668e-05,0.9999889773377033,8.822320027951346e-05,1.8126492585304208e-08,0.0008679998506381582,3.0581176454879002e-06,0.0007143428132806482,1.346196279239344e-06,0.0021801196880150676,1.2360865704372165e-05,0.002251630834097048,1.5503262211785722e-05,0.002862079349138946,3.1422951128457574e-05,4.296172857284546,17.27734375,8581,16
NN_L,500,0.005125617980957032,0.0009987033712448112,6.578736070808659e-06,0.9999917687489976,9.170583110363084e-05,1.888174502205577e-08,0.00025442669399739615,3.0532484495439504e-07,0.0002515181858690388,1.4763437870515067e-07,0.0015956574831681952,1.0377158754768113e-05,0.0016826545648435313,1.045526291699109e-05,0.0021162574684870754,1.8168153784411152e-05,3.000218152999878,17.45703125,5093,17
PCE_2,1000,98.36307330131531,0.0030921063168240924,2.4673968874206666e-05,0.9999658060581844,0.0004389926238669416,2.714140105711467e-07,0.003057801161983048,1.474421933373889e-05,0.0014635298146476081,3.4673517241587673e-06,0.0041318127094631405,3.3740535626144965e-05,0.004305228841175741,3.760532434743135e-05,0.005155272749808076,5.821496820319487e-05,0.9764132499694824,0.0,-1,18
PCE_3,1000,102.80905261039734,0.0015568536463638877,7.428524675210547e-06,0.9999894669239147,5.493548146281396e-05,4.500591293182432e-09,0.000766386659756532,1.0216650082214528e-06,0.0008433990872000802,1.3668304009662288e-06,0.0022279647063640157,9.887113228385288e-06,0.002420524546924529,1.2018686472470212e-05,0.003027911396475356,2.027235234992692e-05,1.0397593975067139,0.0,-1,19
PCE_5,1000,114.69196524620057,0.0010609339434165383,4.297604087724788e-06,0.9999932509495736,1.3644180369258854e-05,3.8199648591225617e-10,6.355442713724415e-05,1.0855071829601065e-08,0.0004321029913592607,3.5039874582587027e-07,0.0017066151894621754,6.242829943476285e-06,0.0018786598462267464,7.66846095904971e-06,0.0022710270259445444,1.1512697809681345e-05,1.1637063026428223,0.0,-1,20
gp_L,1000,0.22745332717895508,0.00422077380017293,6.776172655395764e-05,0.9999073774092763,0.0007325565976670547,1.0013564192877922e-06,0.0026285891492073524,1.8084464101078655e-05,0.0009169779020496194,1.7016322195541667e-06,0.0064606434299566045,0.00010204006434701085,0.006701708218244119,0.00011058102246972334,0.00788416750391283,0.00017316181976709103,177.8511254787445,82.15185546875,229,21
gp_M,1000,0.16685142517089843,0.004622751935533059,7.375242060617698e-05,0.9998887459482965,0.0008612001712248786,1.342010636889606e-06,0.002785829549181206,1.9237723734258994e-05,0.0008551218950653779,1.513281708923007e-06,0.007234347611346837,0.00012532530924035505,0.007938096433050245,0.00014075162155416515,0.008061915953329809,0.00015434457676247006,46.48902869224548,204.99609375,278,22
gp_S,1000,0.10440421104431152,0.00204658591924238,1.3726533108824277e-05,0.999976844863222,0.00032225892431603204,1.4932840676077973e-07,0.0009613586195556685,1.6922827102230232e-06,0.0003494173284318559,2.4814780469956005e-07,0.004514534537263443,4.2867856352062336e-05,0.002797357280048066,1.4926689629603612e-05,0.0033345888258392163,2.2474893749596353e-05,126.67074537277222,311.732421875,1004,23
NN_S,1000,0.00469050407409668,0.0021426058729382786,1.4874988381094456e-05,0.9999820797275812,0.00014627624060846464,4.258037599477656e-08,0.002532382384303471,1.5584128652109374e-05,0.0009514022951230537,2.3986557728458514e-06,0.0028569079033270743,1.722705478461626e-05,0.0029069084414729035,1.9987963647560152e-05,0.0034617579727947065,3.400954705344032e-05,1.8506920337677002,17.2578125,4288,24
NN_M,1000,0.004757738113403321,0.0013775799422556705,1.0298117020623608e-05,0.9999896039201202,8.849100070598898e-05,1.8633352914603775e-08,0.0006824139865911227,1.6599995903747388e-06,0.0006872136410097669,1.089348839105675e-06,0.0019231658998229058,1.1691436972594107e-05,0.002209535225644132,1.5716042334912455e-05,0.0026746598997601056,3.161324103384007e-05,2.113403081893921,17.27734375,4696,25
NN_L,1000,0.005314064025878906,0.0010700186833206952,5.978196703710057e-06,0.9999916350607815,7.270375073769655e-05,1.1310984689739077e-08,0.00010567005596588017,9.45318916500605e-08,0.000275463314498357,1.8480499675338803e-07,0.0017124221249603746,7.489332606115905e-06,0.0018896113876621023,9.33845302320916e-06,0.002364241466099761,1.8750746719842086e-05,4.660706520080566,17.45703125,8048,26
PCE_2,200,98.45260071754456,0.0030655683781340808,2.9248299264214682e-05,0.9999637514121404,0.00044221999653978265,2.8251829060309626e-07,0.003037175047097333,1.652757394687886e-05,0.0014752661695161826,3.6681885670697684e-06,0.004102532034600651,4.008157245134971e-05,0.004268875263404117,4.4524568215647185e-05,0.005067341757646416,7.040537411373949e-05,0.20502305030822754,0.0,-1,27
PCE_3,200,101.910959815979,0.0016317962843099235,9.387869681846783e-06,0.9999886121737395,5.76769924359958e-05,5.411717248588932e-09,0.0007616561001278594,1.206880748124707e-06,0.0009064784748244647,1.7426828812916115e-06,0.0023438136724952324,1.2284413779439653e-05,0.0025507464999714015,1.5051562887870362e-05,0.0031704059660045874,2.6036266077105776e-05,0.22020959854125977,0.0,-1,28
PCE_5,200,114.08423099517822,0.001259945327425152,6.987262678261636e-06,0.9999901338400231,1.613562365418653e-05,5.699144156746825e-10,7.434336561749834e-05,1.6726014279492862e-08,0.000614703463947659,1.0529478984068725e-06,0.001995236703769006,9.889381450689547e-06,0.00220060855692633,1.2346375568643229e-05,0.002658644250636233,1.8617575223135005e-05,0.25961875915527344,0.0,-1,29
gp_L,200,0.22523279190063478,0.01048544990370455,0.00031329785582665746,0.9994228184512673,0.002081620681115484,6.301118885067171e-06,0.0059382615711952,6.445235060216567e-05,0.002178463163431352,7.827385208081031e-06,0.016651067289345383,0.0005500385405718994,0.017552692296322794,0.0005524384232861597,0.01851059442081709,0.0006987293164065714,10.409624338150024,22.77587890625,198,30
gp_M,200,0.16513586044311523,0.011353943657560327,0.00036725476826870307,0.999394538680459,0.0026331513471652144,9.82238972265091e-06,0.006636702056112372,8.598958886396836e-05,0.0021787126955212475,7.767936107913523e-06,0.017916937615824583,0.0006127923145078856,0.018535772544679124,0.0006732309757536588,0.020222385686059424,0.0008139254046561412,6.714908838272095,20.91552734375,242,31
gp_S,200,0.10383119583129882,0.017609262514704432,0.0008368811010040372,0.9984707924134861,0.003445220170604798,1.8860620517039528e-05,0.008918988241091868,0.0001507458678774272,0.003601389613829588,2.0094622138114217e-05,0.0300987557417689,0.001584431779260203,0.02871107618596962,0.0014728980961438442,0.030880145134961828,0.001774255620087596,4.636698246002197,31.18505859375,219,32
NN_S,200,0.004708147048950196,0.0031309664073239903,3.958020262321857e-05,0.999957279994025,0.0003407408480031766,2.045104707119676e-07,0.0031504321481157743,2.8020354830781564e-05,0.0014724574742094347,3.971296844731037e-06,0.004177191397764896,5.409640702134149e-05,0.004327237053112303,5.989009496232368e-05,0.005317739522738355,9.129855160942167e-05,0.9240677356719971,17.2578125,2221,33
NN_M,200,0.004564046859741211,0.001823654952985254,1.6835528233451603e-05,0.999984982162937,0.00014594329646928488,4.5988497547630826e-08,0.0015467703119995879,7.80571119684716e-06,0.0008134348456843726,2.19164651567517e-06,0.0022714228990876415,1.5107480198336367e-05,0.002603937137484462,2.199640186957013e-05,0.0035604212271861746,5.3865941122733144e-05,1.1044230461120605,17.27734375,2470,34
NN_L,200,0.005293416976928711,0.0013237648710675847,9.250222183811059e-06,0.9999899372592012,0.00019568487245659306,1.0234826857356414e-07,0.00037319499774779387,9.444266849626518e-07,0.0007019932759279353,1.408157326484395e-06,0.001990906187345188,1.3819050197307414e-05,0.0020692096754157704,1.427232599228071e-05,0.0026116002175122265,2.4955024633257616e-05,0.9727809429168701,17.45703125,1637,35
